id,am_unit,am_detection_limit,am_quantification_limit,dpm_id,dpm_other,dam_id,dam_other,dsm_id,dsm_number,dsm_other,dp_id,am_extraction_recovery_correction,am_field_blank_check,am_lab_iso17025,am_lab_accredited,am_interlab_studies,am_interlab_summary,am_control_charts,am_authority_control,am_remark
"1","µg/sampler","0.0002","0.0005","16","Static solvent extraction of SDB-RPS EMPORE disk passive samplers","11",,"5",,,"4","No","Yes","Yes","No","Not applicable","Not applicable","Not applicable","Not applicable","Results were not corrected for recovery, but the extraction recovery was checked"
"2","µg/sampler","0.001","0.002","16","Static solvent extraction of SDB-RPS EMPORE disk passive samplers","11",,"0",,,"4","No","Yes","Yes","No","Not applicable","Not applicable","Not applicable","Not applicable","Results were not corrected for recovery, but the extraction recovery was checked"
"3","µg/sampler","0.0001","0.0002","16","Static solvent extraction of SDB-RPS EMPORE disk passive samplers","11",,"0",,,"4","No","Yes","Yes","No","Not applicable","Not applicable","Not applicable","Not applicable","Results were not corrected for recovery, but the extraction recovery was checked"
"4","µg/sampler","0.0002","0.0005","16","Static solvent extraction of SDB-RPS EMPORE disk passive samplers","11",,"0",,,"4","No","Yes","Yes","No","Not applicable","Not applicable","Not applicable","Not applicable","Results were not corrected for recovery, but the extraction recovery was checked"
"5","µg/sampler","0.0001","0.0002","16","Static solvent extraction of SDB-RPS EMPORE disk passive samplers","11",,"0",,,"4","No","Yes","Yes","No","Not applicable","Not applicable","Not applicable","Not applicable","Results were not corrected for recovery, but the extraction recovery was checked"
"6","µg/sampler","0.00006","0.0001","16","Static solvent extraction of SDB-RPS EMPORE disk passive samplers","11",,"0",,,"4","No","Yes","Yes","No","Not applicable","Not applicable","Not applicable","Not applicable",
"7","µg/sampler","0.0005","0.001","16","Static solvent extraction of SDB-RPS EMPORE disk passive samplers","11",,"0",,,"4","No","Yes","Yes","No","Not applicable","Not applicable","Not applicable","Not applicable",
"8","µg/sampler","0.0002","0.0005","16","Static solvent extraction of SDB-RPS EMPORE disk passive samplers","11",,"0",,,"4","No","Yes","Yes","No","Not applicable","Not applicable","Not applicable","Not applicable","Results were not corrected for recovery, but the extraction recovery was checked"
"9","µg/sampler","0.0005","0.001","16","Static solvent extraction of SDB-RPS EMPORE disk passive samplers","11",,"0",,,"4","No","Yes","Yes","No","Not applicable","Not applicable","Not applicable","Not applicable",
"10","µg/sampler","0.002","0.006","16","Static solvent extraction of SDB-RPS EMPORE disk passive samplers","11",,"0",,,"4","No","Yes","Yes","No","Not applicable","Not applicable","Not applicable","Not applicable","Results were not corrected for recovery, but the extraction recovery was checked"
"11","µg/sampler","0.0001","0.0005","16","Static solvent extraction of SDB-RPS EMPORE disk passive samplers","11",,"0",,,"4","No","Yes","Yes","No","Not applicable","Not applicable","Not applicable","Not applicable",
"12","µg/sampler","0.0004","0.001","16","Static solvent extraction of SDB-RPS EMPORE disk passive samplers","11",,"0",,,"4","No","Yes","Yes","No","Not applicable","Not applicable","Not applicable","Not applicable","Results were not corrected for recovery, but the extraction recovery was checked"
"13","µg/sampler","0.00002","0.00006","16","Static solvent extraction of SDB-RPS EMPORE disk passive samplers","11",,"0",,,"4","No","Yes","Yes","No","Not applicable","Not applicable","Not applicable","Not applicable","Results were not corrected for recovery, but the extraction recovery was checked"
"14","µg/sampler","0.0001","0.0002","16","Static solvent extraction of SDB-RPS EMPORE disk passive samplers","11",,"0",,,"4","No","Yes","Yes","No","Not applicable","Not applicable","Not applicable","Not applicable",
"15","µg/sampler","0.0002","0.0005","16","Static solvent extraction of SDB-RPS EMPORE disk passive samplers","11",,"0",,,"4","No","Yes","Yes","No","Not applicable","Not applicable","Not applicable","Not applicable","Results were not corrected for recovery, but the extraction recovery was checked"
"16","µg/sampler","0.006","0.02","16","Static solvent extraction of SDB-RPS EMPORE disk passive samplers","11",,"0",,,"4","No","Yes","Yes","No","Not applicable","Not applicable","Not applicable","Not applicable",
"17","µg/sampler","0.00004","0.0001","16","Static solvent extraction of SDB-RPS EMPORE disk passive samplers","11",,"0",,,"4","No","Yes","Yes","No","Not applicable","Not applicable","Not applicable","Not applicable","Results were not corrected for recovery, but the extraction recovery was checked"
"18","µg/sampler","0.00004","0.0001","16","Static solvent extraction of SDB-RPS EMPORE disk passive samplers","11",,"0",,,"4","No","Yes","Yes","No","Not applicable","Not applicable","Not applicable","Not applicable","Data were not reported the extraction recovery was likely low"
"19","µg/sampler","0.00006","0.00006","16","Static solvent extraction of SDB-RPS EMPORE disk passive samplers","11",,"0",,,"4","No","Yes","Yes","No","Not applicable","Not applicable","Not applicable","Not applicable",
"20","µg/sampler","0.0005","0.002","16","Static solvent extraction of SDB-RPS EMPORE disk passive samplers","11",,"0",,,"4","No","Yes","Yes","No","Not applicable","Not applicable","Not applicable","Not applicable","Results were not corrected for recovery, but the extraction recovery was checked"
"21","µg/sampler","0.0002","0.0005","16","Static solvent extraction of SDB-RPS EMPORE disk passive samplers","11",,"0",,,"4","No","Yes","Yes","No","Not applicable","Not applicable","Not applicable","Not applicable",
"22","µg/sampler","0.00012","0.00024","16","Static solvent extraction of SDB-RPS EMPORE disk passive samplers","11",,"0",,,"4","No","Yes","Yes","No","Not applicable","Not applicable","Not applicable","Not applicable",
"23","µg/sampler","0.0005","0.001","16","Static solvent extraction of SDB-RPS EMPORE disk passive samplers","11",,"0",,,"4","No","Yes","Yes","No","Not applicable","Not applicable","Not applicable","Not applicable","Results were not corrected for recovery, but the extraction recovery was checked"
"24","µg/sampler","0.0005","0.001","16","Static solvent extraction of SDB-RPS EMPORE disk passive samplers","11",,"0",,,"4","No","Yes","Yes","No","Not applicable","Not applicable","Not applicable","Not applicable",
"25","µg/sampler","0.0001","0.0002","16","Static solvent extraction of SDB-RPS EMPORE disk passive samplers","11",,"0",,,"4","No","Yes","Yes","No","Not applicable","Not applicable","Not applicable","Not applicable","Results were not corrected for recovery, but the extraction recovery was checked"
"26","µg/sampler","0.00088","0.0005","16","Static solvent extraction of SDB-RPS EMPORE disk passive samplers","11",,"0",,,"4","No","Yes","Yes","No","Not applicable","Not applicable","Not applicable","Not applicable","Results were not corrected for recovery, but the extraction recovery was checked"
"27","µg/sampler","0.0002","0.0005","16","Static solvent extraction of SDB-RPS EMPORE disk passive samplers","11",,"0",,,"4","No","Yes","Yes","No","Not applicable","Not applicable","Not applicable","Not applicable","Results were not corrected for recovery, the extraction recovery was 52%"
"28","µg/sampler","0.01","0.01","16","Static solvent extraction of SDB-RPS EMPORE disk passive samplers","11",,"0",,,"4","No","Yes","Yes","No","Not applicable","Not applicable","Not applicable","Not applicable",
"29","µg/sampler","0.0001","0.0002","16","Static solvent extraction of SDB-RPS EMPORE disk passive samplers","11",,"0",,,"4","No","Yes","Yes","No","Not applicable","Not applicable","Not applicable","Not applicable","Results were not corrected for recovery, but the extraction recovery was checked"
"30","µg/sampler","0.0002","0.0005","16","Static solvent extraction of SDB-RPS EMPORE disk passive samplers","11",,"0",,,"4","No","Yes","Yes","No","Not applicable","Not applicable","Not applicable","Not applicable","Data were not reported the extraction recovery was likely low"
"31","µg/sampler","0.00006","0.0001","16","Static solvent extraction of SDB-RPS EMPORE disk passive samplers","11",,"0",,,"4","No","Yes","Yes","No","Not applicable","Not applicable","Not applicable","Not applicable","Results were not corrected for recovery, but the extraction recovery was checked"
"32","µg/sampler","0.00002","0.00006","16","Static solvent extraction of SDB-RPS EMPORE disk passive samplers","11",,"0",,,"4","No","Yes","Yes","No","Not applicable","Not applicable","Not applicable","Not applicable","Results were not corrected for recovery, but the extraction recovery was checked"
"33","µg/sampler","0.00012","0.00024","16","Static solvent extraction of SDB-RPS EMPORE disk passive samplers","11",,"0",,,"4","No","Yes","Yes","No","Not applicable","Not applicable","Not applicable","Not applicable","Results were not corrected for recovery, but the extraction recovery was checked"
"34","µg/sampler","0.00012","0.00024","16","Static solvent extraction of SDB-RPS EMPORE disk passive samplers","11",,"0",,,"4","No","Yes","Yes","No","Not applicable","Not applicable","Not applicable","Not applicable","Results were not corrected for recovery, but the extraction recovery was checked"
"35","µg/sampler","0.0001","0.0002","16","Static solvent extraction of SDB-RPS EMPORE disk passive samplers","11",,"0",,,"4","No","Yes","Yes","No","Not applicable","Not applicable","Not applicable","Not applicable",
"36","µg/sampler","0.0005","0.001","16","Static solvent extraction of SDB-RPS EMPORE disk passive samplers","11",,"0",,,"4","No","Yes","Yes","No","Not applicable","Not applicable","Not applicable","Not applicable","Results were not corrected for recovery, but the extraction recovery was checked"
"37","µg/sampler","0.00012","0.0001","16","Static solvent extraction of SDB-RPS EMPORE disk passive samplers","11",,"0",,,"4","No","Yes","Yes","No","Not applicable","Not applicable","Not applicable","Not applicable","Data were not reported the extraction recovery was likely low"
"38","µg/sampler","0.0001","0.0002","16","Static solvent extraction of SDB-RPS EMPORE disk passive samplers","11",,"0",,,"4","No","Yes","Yes","No","Not applicable","Not applicable","Not applicable","Not applicable","Data were not reported the extraction recovery was low"
"39","µg/sampler","0.0001","0.0002","16","Static solvent extraction of SDB-RPS EMPORE disk passive samplers","11",,"0",,,"4","No","Yes","Yes","No","Not applicable","Not applicable","Not applicable","Not applicable","Results were not corrected for recovery, but the extraction recovery was checked"
"40","µg/sampler","0.00004","0.0001","16","Static solvent extraction of SDB-RPS EMPORE disk passive samplers","11",,"0",,,"4","No","Yes","Yes","No","Not applicable","Not applicable","Not applicable","Not applicable","Results were not corrected for recovery, but the extraction recovery was checked"
"588","µg/sampler","0.00014","0","0",,"0",,"0",,,"0",,,,,,,,,
"589","µg/sampler","0.00039","0","0",,"0",,"0",,,"0",,,,,,,,,
"590","µg/sampler","0","0","0",,"0",,"0",,,"0",,,,,,,,,
"591","µg/sampler","0.36","0","0",,"0",,"0",,,"0",,,,,,,,,
"592","µg/sampler","0.0063","0","0",,"0",,"0",,,"0",,,,,,,,,
"593","µg/sampler","0.0083","0","0",,"0",,"0",,,"0",,,,,,,,,
"594","µg/sampler","0.57","0","0",,"0",,"0",,,"0",,,,,,,,,
"595","µg/sampler","0.0051","0","0",,"0",,"0",,,"0",,,,,,,,,
"596","µg/sampler","0.022","0","0",,"0",,"0",,,"0",,,,,,,,,
"597","µg/sampler","0.01","0","0",,"0",,"0",,,"0",,,,,,,,,
"598","µg/sampler","0.0084","0","0",,"0",,"0",,,"0",,,,,,,,,
"599","µg/sampler","0.0041","0","0",,"0",,"0",,,"0",,,,,,,,,
"600","µg/sampler","0.0034","0","0",,"0",,"0",,,"0",,,,,,,,,
"601","µg/sampler","0.0087","0","0",,"0",,"0",,,"0",,,,,,,,,
"602","µg/sampler","0.005","0","0",,"0",,"0",,,"0",,,,,,,,,
"603","µg/sampler","0.00062","0","0",,"0",,"0",,,"0",,,,,,,,,
"604","µg/sampler","0.099","0","0",,"0",,"0",,,"0",,,,,,,,,
"605","µg/sampler","0.0057","0","0",,"0",,"0",,,"0",,,,,,,,,
"606","µg/sampler","0.00032","0","0",,"0",,"0",,,"0",,,,,,,,,
"607","µg/sampler","0.0027","0","0",,"0",,"0",,,"0",,,,,,,,,
"608","µg/sampler","0.00044","0","0",,"0",,"0",,,"0",,,,,,,,,
"609","µg/sampler","0.0032","0","0",,"0",,"0",,,"0",,,,,,,,,
"610","µg/sampler","0.0036","0","0",,"0",,"0",,,"0",,,,,,,,,
"611","µg/sampler","0.0052","0","0",,"0",,"0",,,"0",,,,,,,,,
"612","µg/sampler","0.00019","0","0",,"0",,"0",,,"0",,,,,,,,,
"613","µg/sampler","0.00048","0","0",,"0",,"0",,,"0",,,,,,,,,
"614","µg/sampler","0.00034","0","0",,"0",,"0",,,"0",,,,,,,,,
"615","µg/sampler","0.0021","0","0",,"0",,"0",,,"0",,,,,,,,,
"616","µg/sampler","0.0059","0","0",,"0",,"0",,,"0",,,,,,,,,
"617","µg/sampler","0.00049","0","0",,"0",,"0",,,"0",,,,,,,,,
"618","µg/sampler","0.00042","0","0",,"0",,"0",,,"0",,,,,,,,,
"619","µg/sampler","0.0047","0","0",,"0",,"0",,,"0",,,,,,,,,
"620","µg/sampler","0.0029","0","0",,"0",,"0",,,"0",,,,,,,,,
"621","µg/sampler","0.00012","0","0",,"0",,"0",,,"0",,,,,,,,,
"622","µg/sampler","0.00033","0","0",,"0",,"0",,,"0",,,,,,,,,
"623","µg/sampler","0.0064","0","0",,"0",,"0",,,"0",,,,,,,,,
"624","µg/sampler","0.27","0","0",,"0",,"0",,,"0",,,,,,,,,
"625","µg/sampler","0.0081","0","0",,"0",,"0",,,"0",,,,,,,,,
"626","µg/sampler","0.0077","0","0",,"0",,"0",,,"0",,,,,,,,,
"627","µg/sampler","0.41","0","0",,"0",,"0",,,"0",,,,,,,,,
"628","µg/sampler","0.18","0","0",,"0",,"0",,,"0",,,,,,,,,
"629","µg/sampler","0.0075","0","0",,"0",,"0",,,"0",,,,,,,,,
"630","µg/sampler","0.006","0","0",,"0",,"0",,,"0",,,,,,,,,
"631","µg/sampler","0.0024","0","0",,"0",,"0",,,"0",,,,,,,,,
"632","µg/sampler","0.0062","0","0",,"0",,"0",,,"0",,,,,,,,,
"633","µg/sampler","0.00052","0","0",,"0",,"0",,,"0",,,,,,,,,
"634","µg/sampler","0.071","0","0",,"0",,"0",,,"0",,,,,,,,,
"635","µg/sampler","0.008","0","0",,"0",,"0",,,"0",,,,,,,,,
"636","µg/sampler","0.011","0","0",,"0",,"0",,,"0",,,,,,,,,
"637","µg/sampler","0.00036","0","0",,"0",,"0",,,"0",,,,,,,,,
"638","µg/sampler","0.0025","0","0",,"0",,"0",,,"0",,,,,,,,,
"639","µg/sampler","0.0044","0","0",,"0",,"0",,,"0",,,,,,,,,
"640","µg/sampler","0.0058","0","0",,"0",,"0",,,"0",,,,,,,,,
"641","µg/sampler","0.000086","0","0",,"0",,"0",,,"0",,,,,,,,,
"642","µg/sampler","0.00047","0","0",,"0",,"0",,,"0",,,,,,,,,
"643","µg/sampler","0.00037","0","0",,"0",,"0",,,"0",,,,,,,,,
"644","µg/sampler","0.0056","0","0",,"0",,"0",,,"0",,,,,,,,,
"645","µg/sampler","0.0004","0","0",,"0",,"0",,,"0",,,,,,,,,
"646","µg/sampler","0.0048","0","0",,"0",,"0",,,"0",,,,,,,,,
"647","µg/sampler","0.0045","0","0",,"0",,"0",,,"0",,,,,,,,,
"648","µg/sampler","0.003","0","0",,"0",,"0",,,"0",,,,,,,,,
"649","µg/sampler","0.0001","0","0",,"0",,"0",,,"0",,,,,,,,,
"650","µg/sampler","0.00028","0","0",,"0",,"0",,,"0",,,,,,,,,
"651","µg/sampler","0.0042","0","0",,"0",,"0",,,"0",,,,,,,,,
"652","µg/sampler","0.0043","0","0",,"0",,"0",,,"0",,,,,,,,,
"653","µg/sampler","0.0061","0","0",,"0",,"0",,,"0",,,,,,,,,
"654","µg/sampler","0.0037","0","0",,"0",,"0",,,"0",,,,,,,,,
"655","µg/sampler","0.31","0","0",,"0",,"0",,,"0",,,,,,,,,
"656","µg/sampler","0.17","0","0",,"0",,"0",,,"0",,,,,,,,,
"657","µg/sampler","0.012","0","0",,"0",,"0",,,"0",,,,,,,,,
"658","µg/sampler","0.0046","0","0",,"0",,"0",,,"0",,,,,,,,,
"659","µg/sampler","0.0019","0","0",,"0",,"0",,,"0",,,,,,,,,
"660","µg/sampler","0.0028","0","0",,"0",,"0",,,"0",,,,,,,,,
"661","µg/sampler","0.00045","0","0",,"0",,"0",,,"0",,,,,,,,,
"662","µg/sampler","0.054","0","0",,"0",,"0",,,"0",,,,,,,,,
"663","µg/sampler","0.0003","0","0",,"0",,"0",,,"0",,,,,,,,,
"664","µg/sampler","0.000069","0","0",,"0",,"0",,,"0",,,,,,,,,
"665","µg/sampler","0.00055","0","0",,"0",,"0",,,"0",,,,,,,,,
"666","µg/sampler","0.00011","0","0",,"0",,"0",,,"0",,,,,,,,,
"667","µg/sampler","0.0026","0","0",,"0",,"0",,,"0",,,,,,,,,
"668","µg/sampler","0.00038","0","0",,"0",,"0",,,"0",,,,,,,,,
"669","µg/sampler","0.0031","0","0",,"0",,"0",,,"0",,,,,,,,,
"670","µg/sampler","0.000068","0","0",,"0",,"0",,,"0",,,,,,,,,
"671","µg/sampler","0.000088","0","0",,"0",,"0",,,"0",,,,,,,,,
"672","µg/sampler","0.0011","0","0",,"0",,"0",,,"0",,,,,,,,,
"673","µg/sampler","0.00022","0","0",,"0",,"0",,,"0",,,,,,,,,
"674","µg/sampler","0.00004","0","0",,"0",,"0",,,"0",,,,,,,,,
"675","µg/sampler","0.00018","0","0",,"0",,"0",,,"0",,,,,,,,,
"676","µg/sampler","0.000033","0","0",,"0",,"0",,,"0",,,,,,,,,
"677","µg/sampler","0.000022","0","0",,"0",,"0",,,"0",,,,,,,,,
"678","µg/sampler","0.000064","0","0",,"0",,"0",,,"0",,,,,,,,,
"679","µg/sampler","0.00041","0","0",,"0",,"0",,,"0",,,,,,,,,
"680","µg/sampler","0.00057","0","0",,"0",,"0",,,"0",,,,,,,,,
"681","µg/sampler","0.000085","0","0",,"0",,"0",,,"0",,,,,,,,,
"682","µg/sampler","0.000072","0","0",,"0",,"0",,,"0",,,,,,,,,
"683","µg/sampler","0.00023","0","0",,"0",,"0",,,"0",,,,,,,,,
"684","µg/sampler","0.0016","0","0",,"0",,"0",,,"0",,,,,,,,,
"685","µg/sampler","0.000049","0","0",,"0",,"0",,,"0",,,,,,,,,
"686","µg/sampler","0.000098","0","0",,"0",,"0",,,"0",,,,,,,,,
"687","µg/sampler","0.0012","0","0",,"0",,"0",,,"0",,,,,,,,,
"688","µg/sampler","0.00071","0","0",,"0",,"0",,,"0",,,,,,,,,
"689","µg/sampler","0.00013","0","0",,"0",,"0",,,"0",,,,,,,,,
"690","µg/sampler","0.00031","0","0",,"0",,"0",,,"0",,,,,,,,,
"691","µg/sampler","0.0049","0","0",,"0",,"0",,,"0",,,,,,,,,
"692","µg/sampler","0.0039","0","0",,"0",,"0",,,"0",,,,,,,,,
"693","µg/sampler","0.34","0","0",,"0",,"0",,,"0",,,,,,,,,
"694","µg/sampler","0.76","0","0",,"0",,"0",,,"0",,,,,,,,,
"695","µg/sampler","0.029","0","0",,"0",,"0",,,"0",,,,,,,,,
"696","µg/sampler","0.014","0","0",,"0",,"0",,,"0",,,,,,,,,
"697","µg/sampler","0.0054","0","0",,"0",,"0",,,"0",,,,,,,,,
"698","µg/sampler","0.0067","0","0",,"0",,"0",,,"0",,,,,,,,,
"699","µg/sampler","0.0006","0","0",,"0",,"0",,,"0",,,,,,,,,
"700","µg/sampler","0.13","0","0",,"0",,"0",,,"0",,,,,,,,,
"701","µg/sampler","0.0079","0","0",,"0",,"0",,,"0",,,,,,,,,
"702","µg/sampler","0.0055","0","0",,"0",,"0",,,"0",,,,,,,,,
"703","µg/sampler","0.0007","0","0",,"0",,"0",,,"0",,,,,,,,,
"704","µg/sampler","0.00043","0","0",,"0",,"0",,,"0",,,,,,,,,
"705","µg/sampler","0.0147","0","0",,"0",,"0",,,"0",,,,,,,,,
"706","µg/sampler","0.00067","0","0",,"0",,"0",,,"0",,,,,,,,,
"707","µg/sampler","0.0125","0","0",,"0",,"0",,,"0",,,,,,,,,
"708","µg/sampler","0.0119","0","0",,"0",,"0",,,"0",,,,,,,,,
"709","µg/sampler","0.004","0","0",,"0",,"0",,,"0",,,,,,,,,
"710","µg/sampler","0.00029","0","0",,"0",,"0",,,"0",,,,,,,,,
"711","µg/sampler","0.24","0","0",,"0",,"0",,,"0",,,,,,,,,
"712","µg/sampler","0.0076","0","0",,"0",,"0",,,"0",,,,,,,,,
"713","µg/sampler","0.0068","0","0",,"0",,"0",,,"0",,,,,,,,,
"714","µg/sampler","0.38","0","0",,"0",,"0",,,"0",,,,,,,,,
"715","µg/sampler","0.16","0","0",,"0",,"0",,,"0",,,,,,,,,
"716","µg/sampler","0.0069","0","0",,"0",,"0",,,"0",,,,,,,,,
"717","µg/sampler","0.0022","0","0",,"0",,"0",,,"0",,,,,,,,,
"718","µg/sampler","0.0033","0","0",,"0",,"0",,,"0",,,,,,,,,
"719","µg/sampler","0.00046","0","0",,"0",,"0",,,"0",,,,,,,,,
"720","µg/sampler","0.066","0","0",,"0",,"0",,,"0",,,,,,,,,
"721","µg/sampler","0.0023","0","0",,"0",,"0",,,"0",,,,,,,,,
"722","µg/sampler","0.0038","0","0",,"0",,"0",,,"0",,,,,,,,,
"723","µg/sampler","0.000081","0","0",,"0",,"0",,,"0",,,,,,,,,
"724","µg/sampler","0.0018","0","0",,"0",,"0",,,"0",,,,,,,,,
"725","µg/sampler","0.2","0","0",,"0",,"0",,,"0",,,,,,,,,
"726","µg/sampler","0.39","0","0",,"0",,"0",,,"0",,,,,,,,,
"727","µg/sampler","0.19","0","0",,"0",,"0",,,"0",,,,,,,,,
"728","µg/sampler","0.0072","0","0",,"0",,"0",,,"0",,,,,,,,,
"729","µg/sampler","0.0035","0","0",,"0",,"0",,,"0",,,,,,,,,
"730","µg/sampler","0.0005","0","0",,"0",,"0",,,"0",,,,,,,,,
"731","µg/sampler","0.069","0","0",,"0",,"0",,,"0",,,,,,,,,
"732","µg/sampler","0.0073","0","0",,"0",,"0",,,"0",,,,,,,,,
"733","µg/sampler","0.00035","0","0",,"0",,"0",,,"0",,,,,,,,,
"734","µg/sampler","0.000084","0","0",,"0",,"0",,,"0",,,,,,,,,
"735","µg/sampler","0.000076","0","0",,"0",,"0",,,"0",,,,,,,,,
"736","µg/sampler","0.0014","0","0",,"0",,"0",,,"0",,,,,,,,,
"737","µg/sampler","0.000056","0","0",,"0",,"0",,,"0",,,,,,,,,
"738","µg/sampler","0.00024","0","0",,"0",,"0",,,"0",,,,,,,,,
"739","µg/sampler","0.00015","0","0",,"0",,"0",,,"0",,,,,,,,,
"740","µg/sampler","0.000071","0","0",,"0",,"0",,,"0",,,,,,,,,
"741","µg/sampler","0.00027","0","0",,"0",,"0",,,"0",,,,,,,,,
"742","µg/sampler","0.000041","0","0",,"0",,"0",,,"0",,,,,,,,,
"743","µg/sampler","0.00008","0","0",,"0",,"0",,,"0",,,,,,,,,
"744","µg/sampler","0.0017","0","0",,"0",,"0",,,"0",,,,,,,,,
"745","µg/sampler","0.000055","0","0",,"0",,"0",,,"0",,,,,,,,,
"746","µg/sampler","0.0002","0","0",,"0",,"0",,,"0",,,,,,,,,
"747","µg/sampler","0.00089","0","0",,"0",,"0",,,"0",,,,,,,,,
"748","µg/sampler","0.00017","0","0",,"0",,"0",,,"0",,,,,,,,,
"749","µg/sampler","0.00016","0","0",,"0",,"0",,,"0",,,,,,,,,
"750","µg/sampler","0.00073","0","0",,"0",,"0",,,"0",,,,,,,,,
"751","µg/sampler","0.0066","0","0",,"0",,"0",,,"0",,,,,,,,,
"752","µg/sampler","0.00051","0","0",,"0",,"0",,,"0",,,,,,,,,
"753","µg/sampler","0.3","0","0",,"0",,"0",,,"0",,,,,,,,,
"754","µg/sampler","0.46","0","0",,"0",,"0",,,"0",,,,,,,,,
"755","µg/sampler","0.018","0","0",,"0",,"0",,,"0",,,,,,,,,
"756","µg/sampler","0.0085","0","0",,"0",,"0",,,"0",,,,,,,,,
"757","µg/sampler","0.0071","0","0",,"0",,"0",,,"0",,,,,,,,,
"758","µg/sampler","0.00081","0","0",,"0",,"0",,,"0",,,,,,,,,
"759","µg/sampler","0.081","0","0",,"0",,"0",,,"0",,,,,,,,,
"760","µg/sampler","0.0093","0","0",,"0",,"0",,,"0",,,,,,,,,
"761","µg/sampler","0.0065","0","0",,"0",,"0",,,"0",,,,,,,,,
"762","µg/sampler","0.001","0","0",,"0",,"0",,,"0",,,,,,,,,
"763","µg/sampler","0.0096","0","0",,"0",,"0",,,"0",,,,,,,,,
"764","µg/sampler","0.00021","0","0",,"0",,"0",,,"0",,,,,,,,,
"765","µg/sampler","0.26","0","0",,"0",,"0",,,"0",,,,,,,,,
"766","µg/sampler","0.43","0","0",,"0",,"0",,,"0",,,,,,,,,
"767","µg/sampler","0.017","0","0",,"0",,"0",,,"0",,,,,,,,,
"768","µg/sampler","0.0078","0","0",,"0",,"0",,,"0",,,,,,,,,
"769","µg/sampler","0.075","0","0",,"0",,"0",,,"0",,,,,,,,,
"770","µg/sampler","0.0097","0","0",,"0",,"0",,,"0",,,,,,,,,
"771","µg/sampler","0.000073","0","0",,"0",,"0",,,"0",,,,,,,,,
"772","µg/sampler","0.000099","0","0",,"0",,"0",,,"0",,,,,,,,,
"773","µg/sampler","0.0053","0","0",,"0",,"0",,,"0",,,,,,,,,
"774","µg/sampler","0.062","0","0",,"0",,"0",,,"0",,,,,,,,,
"775","µg/sampler","0.00054","0","0",,"0",,"0",,,"0",,,,,,,,,
"776","µg/sampler","0.000058","0","0",,"0",,"0",,,"0",,,,,,,,,
"777","µg/sampler","0.000032","0","0",,"0",,"0",,,"0",,,,,,,,,
"778","µg/sampler","0.000039","0","0",,"0",,"0",,,"0",,,,,,,,,
"779","µg/sampler","0.000063","0","0",,"0",,"0",,,"0",,,,,,,,,
"780","µg/sampler","0.00056","0","0",,"0",,"0",,,"0",,,,,,,,,
"781","µg/sampler","0.000083","0","0",,"0",,"0",,,"0",,,,,,,,,
"782","µg/sampler","0.000048","0","0",,"0",,"0",,,"0",,,,,,,,,
"783","µg/sampler","0.000066","0","0",,"0",,"0",,,"0",,,,,,,,,
"784","µg/sampler","0.000095","0","0",,"0",,"0",,,"0",,,,,,,,,
"785","µg/sampler","0.00069","0","0",,"0",,"0",,,"0",,,,,,,,,
"786","µg/sampler","0.0091","0","0",,"0",,"0",,,"0",,,,,,,,,
"787","µg/sampler","0.87","0","0",,"0",,"0",,,"0",,,,,,,,,
"788","µg/sampler","0.034","0","0",,"0",,"0",,,"0",,,,,,,,,
"789","µg/sampler","0.016","0","0",,"0",,"0",,,"0",,,,,,,,,
"790","µg/sampler","0.013","0","0",,"0",,"0",,,"0",,,,,,,,,
"791","µg/sampler","0.00088","0","0",,"0",,"0",,,"0",,,,,,,,,
"792","µg/sampler","0.15","0","0",,"0",,"0",,,"0",,,,,,,,,
"793","µg/sampler","0.0082","0","0",,"0",,"0",,,"0",,,,,,,,,
"794","µg/sampler","0.0013","0","0",,"0",,"0",,,"0",,,,,,,,,
"795","µg/sampler","0.00085","0","0",,"0",,"0",,,"0",,,,,,,,,
"796","µg/sampler","0.007","0","0",,"0",,"0",,,"0",,,,,,,,,
"797","µg/sampler","0.00058","0","0",,"0",,"0",,,"0",,,,,,,,,
"798","µg/sampler","0.0074","0","0",,"0",,"0",,,"0",,,,,,,,,
"799","µg/sampler","0.32","0","0",,"0",,"0",,,"0",,,,,,,,,
"800","µg/sampler","0.0089","0","0",,"0",,"0",,,"0",,,,,,,,,
"801","µg/sampler","0.21","0","0",,"0",,"0",,,"0",,,,,,,,,
"802","µg/sampler","0.015","0","0",,"0",,"0",,,"0",,,,,,,,,
"803","µg/sampler","0.067","0","0",,"0",,"0",,,"0",,,,,,,,,
"804","µg/sampler","0.002","0","0",,"0",,"0",,,"0",,,,,,,,,
"805","µg/sampler","0.45","0","0",,"0",,"0",,,"0",,,,,,,,,
"806","µg/sampler","0.079","0","0",,"0",,"0",,,"0",,,,,,,,,
"807","µg/sampler","0.000094","0","0",,"0",,"0",,,"0",,,,,,,,,
"808","µg/sampler","0.00075","0","0",,"0",,"0",,,"0",,,,,,,,,
"809","µg/sampler","0.000067","0","0",,"0",,"0",,,"0",,,,,,,,,
"810","µg/sampler","0.00009","0","0",,"0",,"0",,,"0",,,,,,,,,
"811","µg/sampler","0.000043","0","0",,"0",,"0",,,"0",,,,,,,,,
"812","µg/sampler","0.000034","0","0",,"0",,"0",,,"0",,,,,,,,,
"813","µg/sampler","0.00059","0","0",,"0",,"0",,,"0",,,,,,,,,
"814","µg/sampler","0.00025","0","0",,"0",,"0",,,"0",,,,,,,,,
"815","µg/sampler","0.00007","0","0",,"0",,"0",,,"0",,,,,,,,,
"816","µg/sampler","0.000023","0","0",,"0",,"0",,,"0",,,,,,,,,
"817","µg/sampler","0.1","0","0",,"0",,"0",,,"0",,,,,,,,,
"818","µg/sampler","0.024","0","0",,"0",,"0",,,"0",,,,,,,,,
"819","µg/sampler","0.0092","0","0",,"0",,"0",,,"0",,,,,,,,,
"820","µg/sampler","0.00079","0","0",,"0",,"0",,,"0",,,,,,,,,
"821","µg/sampler","0.000078","0","0",,"0",,"0",,,"0",,,,,,,,,
"822","µg/sampler","0.000074","0","0",,"0",,"0",,,"0",,,,,,,,,
"823","µg/sampler","0.00093","0","0",,"0",,"0",,,"0",,,,,,,,,
"824","µg/sampler","0.4","0","0",,"0",,"0",,,"0",,,,,,,,,
"825","µg/sampler","0.07","0","0",,"0",,"0",,,"0",,,,,,,,,
"826","µg/sampler","0.00026","0","0",,"0",,"0",,,"0",,,,,,,,,
"827","µg/sampler","0.000093","0","0",,"0",,"0",,,"0",,,,,,,,,
"828","µg/sampler","0.000044","0","0",,"0",,"0",,,"0",,,,,,,,,
"829","µg/sampler","0.000036","0","0",,"0",,"0",,,"0",,,,,,,,,
"830","µg/sampler","0.000042","0","0",,"0",,"0",,,"0",,,,,,,,,
"831","µg/sampler","0.00061","0","0",,"0",,"0",,,"0",,,,,,,,,
"832","µg/sampler","0.000035","0","0",,"0",,"0",,,"0",,,,,,,,,
"833","µg/sampler","0.000091","0","0",,"0",,"0",,,"0",,,,,,,,,
"834","µg/sampler","0.000075","0","0",,"0",,"0",,,"0",,,,,,,,,
"835","µg/sampler","0.000051","0","0",,"0",,"0",,,"0",,,,,,,,,
"836","µg/sampler","0.000024","0","0",,"0",,"0",,,"0",,,,,,,,,
"837","µg/sampler","0.036","0","0",,"0",,"0",,,"0",,,,,,,,,
"838","µg/sampler","0.0088","0","0",,"0",,"0",,,"0",,,,,,,,,
"839","µg/sampler","0.00097","0","0",,"0",,"0",,,"0",,,,,,,,,
"840","µg/sampler","0.00098","0","0",,"0",,"0",,,"0",,,,,,,,,
"841","µg/sampler","0.000087","0","0",,"0",,"0",,,"0",,,,,,,,,
"842","µg/sampler","0.000057","0","0",,"0",,"0",,,"0",,,,,,,,,
"1893","ng/sampler","0.25000000000025","0.62500000000025","16","static liquid extraction","11",,"0",,,"1","No","Yes","Yes","No","Yes","Not known","No","No","Extraction recoveries were checked, the data was not recovery corrected"
"1894","ng/sampler","1.25000000000025","2.50000000000025","16","static liquid extraction","11",,"0",,,"1","No","Yes","Yes","No","Yes","Not known","No","No","Extraction recoveries were checked, the data was not recovery corrected"
"1895","ng/sampler","0.12500002500025","0.25000000002525","16","static liquid extraction","11",,"0",,,"1","No","Yes","Yes","No","Yes","Not known","No","No","Extraction recoveries were checked, the data was not recovery corrected"
"1896","ng/sampler","0.25000000000025","0.62500000000025","16","static liquid extraction","11",,"0",,,"1","No","Yes","Yes","No","Yes","Not known","No","No","Extraction recoveries were checked, the data was not recovery corrected"
"1897","ng/sampler","0.12500000000025","0.25000000000025","16","static liquid extraction","11",,"0",,,"1","No","Yes","Yes","No","Yes","Not known","No","No","Extraction recoveries were checked, the data was not recovery corrected"
"1898","ng/sampler","0.07500000000025","0.12500000000025","16","static liquid extraction","11",,"0",,,"1","No","Yes","Yes","No","Yes","Not known","No","No","Extraction recoveries were checked, the data was not recovery corrected"
"1899","ng/sampler","0.62500000000025","1.25000000000025","16","static liquid extraction","11",,"0",,,"1","No","Yes","Yes","No","Yes","Not known","No","No","Extraction recoveries were checked, the data was not recovery corrected"
"1900","ng/sampler","0.25000000000025","0.62500000000025","16","static liquid extraction","11",,"0",,,"1","No","Yes","Yes","No","Yes","Not known","No","No","Extraction recoveries were checked, the data was not recovery corrected"
"1901","ng/sampler","0.62500000000025","1.25000000000025","16","static liquid extraction","11",,"0",,,"1","No","Yes","Yes","No","Yes","Not known","No","No","Extraction recoveries were checked, the data was not recovery corrected"
"1902","ng/sampler","2.50000000000025","7.50000000000025","16","static liquid extraction","11",,"0",,,"1","No","Yes","Yes","No","Yes","Not known","No","No","Extraction recoveries were checked, the data was not recovery corrected"
"1903","ng/sampler","0.12500000000025","0.62500000000025","16","static liquid extraction","11",,"0",,,"1","No","Yes","Yes","No","Yes","Not known","No","No","Extraction recoveries were checked, the data was not recovery corrected"
"1904","ng/sampler","0.50000000000025","1.25000000000025","16","static liquid extraction","11",,"0",,,"1","No","Yes","Yes","No","Yes","Not known","No","No","Extraction recoveries were checked, the data was not recovery corrected"
"1905","ng/sampler","0.02500000000025","0.07500000000025","16","static liquid extraction","11",,"0",,,"1","No","Yes","Yes","No","Yes","Not known","No","No","Extraction recoveries were checked, the data was not recovery corrected"
"1906","ng/sampler","0.12500000000025","0.25000000000025","16","static liquid extraction","11",,"0",,,"1","No","Yes","Yes","No","Yes","Not known","No","No","Extraction recoveries were checked, the data was not recovery corrected"
"1907","ng/sampler","0.25000000000025","0.62500000000025","16","static liquid extraction","11",,"0",,,"1","No","Yes","Yes","No","Yes","Not known","No","No","Extraction recoveries were checked, the data was not recovery corrected"
"1908","ng/sampler","7.50000000000025","25.0000000000002","16","static liquid extraction","11",,"0",,,"1","No","Yes","Yes","No","Yes","Not known","No","No","Extraction recoveries were checked, the data was not recovery corrected"
"1909","ng/sampler","0.05000000000025","0.12500000000025","16","static liquid extraction","11",,"0",,,"1","No","Yes","Yes","No","Yes","Not known","No","No","Extraction recoveries were checked, the data was not recovery corrected"
"1910","ng/sampler","0.05000000000025","0.12500000000025","16","static liquid extraction","11",,"0",,,"1","No","Yes","Yes","No","Yes","Not known","No","No","Extraction recoveries were checked, the data was not recovery corrected"
"1911","ng/sampler","0.02500000000025","0.07500000000025","16","static liquid extraction","11",,"0",,,"1","No","Yes","Yes","No","Yes","Not known","No","No","Extraction recoveries were checked, the data was not recovery corrected"
"1912","ng/sampler","0.62500000000025","2.50000000000025","16","static liquid extraction","11",,"0",,,"1","No","Yes","Yes","No","Yes","Not known","No","No","Extraction recoveries were checked, the data was not recovery corrected"
"1913","ng/sampler","0.25000000000025","0.62500000000025","16","static liquid extraction","11",,"0",,,"1","No","Yes","Yes","No","Yes","Not known","No","No","Extraction recoveries were checked, the data was not recovery corrected"
"1914","ng/sampler","0.15000000000025","0.30000000025025","16","static liquid extraction","11",,"0",,,"1","No","Yes","Yes","No","Yes","Not known","No","No","Extraction recoveries were checked, the data was not recovery corrected"
"1915","ng/sampler","0.62500000000025","1.25000000000025","16","static liquid extraction","11",,"0",,,"1","No","Yes","Yes","No","Yes","Not known","No","No","Extraction recoveries were checked, the data was not recovery corrected"
"1916","ng/sampler","0.62500000000025","1.25000000000025","16","static liquid extraction","11",,"0",,,"1","No","Yes","Yes","No","Yes","Not known","No","No","Extraction recoveries were checked, the data was not recovery corrected"
"1917","ng/sampler","0.12500000000025","0.25000000000025","16","static liquid extraction","11",,"0",,,"1","No","Yes","Yes","No","Yes","Not known","No","No","Extraction recoveries were checked, the data was not recovery corrected"
"1918","ng/sampler","0.25000000000025","0.62500000000025","16","static liquid extraction","11",,"0",,,"1","No","Yes","Yes","No","Yes","Not known","No","No","Extraction recoveries were checked, the data was not recovery corrected"
"1919","ng/sampler","0.25000000000025","0.62500000000025","16","static liquid extraction","11",,"0",,,"1","No","Yes","Yes","No","Yes","Not known","No","No","Extraction recoveries were checked, the data was not recovery corrected"
"1920","ng/sampler","5.00000000000025","12.5000000000003","16","static liquid extraction","11",,"0",,,"1","No","Yes","Yes","No","Yes","Not known","No","No","Extraction recoveries were checked, the data was not recovery corrected"
"1921","ng/sampler","0.12500000000025","0.25000250000025","16","static liquid extraction","11",,"0",,,"1","No","Yes","Yes","No","Yes","Not known","No","No","Extraction recoveries were checked, the data was not recovery corrected"
"1922","ng/sampler","0.25000000000025","0.62500000000025","16","static liquid extraction","11",,"0",,,"1","No","Yes","Yes","No","Yes","Not known","No","No","Extraction recoveries were checked, the data was not recovery corrected"
"1923","ng/sampler","0.07500000000025","0.12500000000025","16","static liquid extraction","11",,"0",,,"1","No","Yes","Yes","No","Yes","Not known","No","No","Extraction recoveries were checked, the data was not recovery corrected"
"1924","ng/sampler","0.02500000000025","0.07500000000025","16","static liquid extraction","11",,"0",,,"1","No","Yes","Yes","No","Yes","Not known","No","No","Extraction recoveries were checked, the data was not recovery corrected"
"1925","ng/sampler","0.15000000000025","0.30000000000025","16","static liquid extraction","11",,"0",,,"1","No","Yes","Yes","No","Yes","Not known","No","No","Extraction recoveries were checked, the data was not recovery corrected"
"1926","ng/sampler","0.15000000000025","0.30000000000025","16","static liquid extraction","11",,"0",,,"1","No","Yes","Yes","No","Yes","Not known","No","No","Extraction recoveries were checked, the data was not recovery corrected"
"1927","ng/sampler","0.12500000000025","0.25000000000025","16","static liquid extraction","11",,"0",,,"1","No","Yes","Yes","No","Yes","Not known","No","No","Extraction recoveries were checked, the data was not recovery corrected"
"1928","ng/sampler","0.62500000000025","1.25000000000025","16","static liquid extraction","11",,"0",,,"1","No","Yes","Yes","No","Yes","Not known","No","No","Extraction recoveries were checked, the data was not recovery corrected"
"1929","ng/sampler","0.07500000000025","0.12500000000025","16","static liquid extraction","11",,"0",,,"1","No","Yes","Yes","No","Yes","Not known","No","No","Extraction recoveries were checked, the data was not recovery corrected"
"1930","ng/sampler","0.12500000000025","0.25000000000025","16","static liquid extraction","11",,"0",,,"1","No","Yes","Yes","No","Yes","Not known","No","No","Extraction recoveries were checked, the data was not recovery corrected"
"1931","ng/sampler","0.12500000000025","0.25000000000025","16","static liquid extraction","11",,"0",,,"1","No","Yes","Yes","No","Yes","Not known","No","No","Extraction recoveries were checked, the data was not recovery corrected"
"1932","ng/sampler","0.05000000000025","0.12500000000025","16","static liquid extraction","11",,"0",,,"1","No","Yes","Yes","No","Yes","Not known","No","No","Extraction recoveries were checked, the data was not recovery corrected"
"2931","ng/sampler","0","0.22","16","Soxhlet extraction","3",,"0",,,"1","No","Yes","Yes","Yes","No","Not applicable","Yes","No","Extraction recoveries were checked, the data was not recovery corrected"
"2932","ng/sampler","0","0.2","16","Soxhlet extraction","3",,"0",,,"1","No","Yes","Yes","Yes","No","Not applicable","Yes","No","Extraction recoveries were checked, the data was not recovery corrected"
"2933","ng/sampler","0","0.0125","16","Soxhlet extraction","3",,"0",,,"1","No","Yes","Yes","Yes","No","Not applicable","Yes","No","Extraction recoveries were checked, the data was not recovery corrected"
"2934","ng/sampler","0","0.0375","16","Soxhlet extraction","3",,"0",,,"1","No","Yes","Yes","Yes","No","Not applicable","Yes","No","Extraction recoveries were checked, the data was not recovery corrected"
"2935","ng/sampler","0","0.025","16","Soxhlet extraction","3",,"0",,,"1","No","Yes","Yes","Yes","No","Not applicable","Yes","No","Extraction recoveries were checked, the data was not recovery corrected"
"2936","ng/sampler","0","0.05","16","Soxhlet extraction","3",,"0",,,"1","No","Yes","Yes","Yes","No","Not applicable","Yes","No","Extraction recoveries were checked, the data was not recovery corrected"
"2937","ng/sampler","0","0.0125","16","Soxhlet extraction","3",,"0",,,"1","No","Yes","Yes","Yes","No","Not applicable","Yes","No","Extraction recoveries were checked, the data was not recovery corrected"
"2938","ng/sampler","0","0.0125","16","Soxhlet extraction","3",,"0",,,"1","No","Yes","Yes","Yes","No","Not applicable","Yes","No","Extraction recoveries were checked, the data was not recovery corrected"
"2939","ng/sampler","0","0.0125","16","Soxhlet extraction","3",,"0",,,"1","No","Yes","Yes","Yes","No","Not applicable","Yes","No","Extraction recoveries were checked, the data was not recovery corrected"
"2940","ng/sampler","0","0.0125","16","Soxhlet extraction","3",,"0",,,"1","No","Yes","Yes","Yes","No","Not applicable","Yes","No","Extraction recoveries were checked, the data was not recovery corrected"
"2941","ng/sampler","0","0.125","16","Soxhlet extraction","3",,"0",,,"1","No","Yes","Yes","Yes","No","Not applicable","Yes","No","Extraction recoveries were checked, the data was not recovery corrected"
"2942","ng/sampler","0","0.025","16","Soxhlet extraction","3",,"0",,,"1","No","Yes","Yes","Yes","Yes","z-score (according to ISO-13528) < 3","Yes","No","Extraction recoveries were checked, the data was not recovery corrected"
"3030","pg/sampler","0","4.93","16","Soxhlet extraction","3",,"0",,,"1","Yes","Yes","Yes","Yes","Yes","z-score (according to ISO-13528) < 3","Yes","No","isotope dilution method was applied"
"3031","pg/sampler","0","1.3","16","Soxhlet extraction","3",,"0",,,"1","Yes","Yes","Yes","Yes","Yes","z-score (according to ISO-13528) < 3","Yes","No","isotope dilution method was applied"
"3032","pg/sampler","0","2.51","16","Soxhlet extraction","3",,"0",,,"1","Yes","Yes","Yes","Yes","Yes","z-score (according to ISO-13528) < 3","Yes","No","isotope dilution method was applied"
"3033","pg/sampler","0","1.19","16","Soxhlet extraction","3",,"0",,,"1","Yes","Yes","Yes","Yes","Yes","z-score (according to ISO-13528) < 3","Yes","No","isotope dilution method was applied"
"3034","pg/sampler","0","0.762","16","Soxhlet extraction","3",,"0",,,"1","Yes","Yes","Yes","Yes","Yes","z-score (according to ISO-13528) < 3","Yes","No","isotope dilution method was applied"
"3035","pg/sampler","0","0.518","16","Soxhlet extraction","3",,"0",,,"1","Yes","Yes","Yes","Yes","Yes","z-score (according to ISO-13528) < 3","Yes","No","isotope dilution method was applied"
"3036","pg/sampler","0","13.6","16","Soxhlet extraction","3",,"0",,,"1","Yes","Yes","Yes","Yes","Yes","z-score (according to ISO-13528) < 3","Yes","No","isotope dilution method was applied"
"3037","pg/sampler","0","9.74","16","Soxhlet extraction","3",,"0",,,"1","Yes","Yes","Yes","Yes","Yes","z-score (according to ISO-13528) < 3","Yes","No","isotope dilution method was applied"
"3038","pg/sampler","0","9.88","16","Soxhlet extraction","3",,"0",,,"1","Yes","Yes","Yes","Yes","Yes","z-score (according to ISO-13528) < 3","Yes","No","isotope dilution method was applied"
"3039","pg/sampler","0","79.6","16","Soxhlet extraction","3",,"0",,,"1","Yes","Yes","Yes","Yes","No","Not applicable","Yes","No","isotope dilution method was applied"
"3120","ng/sampler","0.016975","0.04","16","Soxhlet extraction","3",,"0",,,"1","No","Yes","Yes","Yes","Yes","z-score (according to ISO-13528) < 3","Yes","No","Extraction recoveries were checked, the data was not recovery corrected"
"3121","ng/sampler","0.012","0.24","16","Soxhlet extraction","3",,"0",,,"1","No","Yes","Yes","Yes","Yes","z-score (according to ISO-13528) < 3","Yes","No","Extraction recoveries were checked, the data was not recovery corrected"
"3122","ng/sampler","0.0126625","0.12","16","Soxhlet extraction","3",,"0",,,"1","No","Yes","Yes","Yes","Yes","z-score (according to ISO-13528) < 3","Yes","No","Extraction recoveries were checked, the data was not recovery corrected"
"3123","ng/sampler","0.0368625","0.09","16","Soxhlet extraction","3",,"0",,,"1","No","Yes","Yes","Yes","Yes","z-score (according to ISO-13528) < 3","Yes","No","Extraction recoveries were checked, the data was not recovery corrected"
"3124","ng/sampler","0.0258125","0.1","16","Soxhlet extraction","3",,"0",,,"1","No","Yes","Yes","Yes","Yes","z-score (according to ISO-13528) < 3","Yes","No","Extraction recoveries were checked, the data was not recovery corrected"
"3125","ng/sampler","0.030175","0.11","16","Soxhlet extraction","3",,"0",,,"1","No","Yes","Yes","Yes","Yes","z-score (according to ISO-13528) < 3","Yes","No","Extraction recoveries were checked, the data was not recovery corrected"
"3126","ng/sampler","0.0335875","0.11","16","Soxhlet extraction","3",,"0",,,"1","No","Yes","Yes","Yes","Yes","z-score (according to ISO-13528) < 3","Yes","No","Extraction recoveries were checked, the data was not recovery corrected"
"3127","ng/sampler","0.032575","0.06","16","Soxhlet extraction","3",,"0",,,"1","No","Yes","Yes","Yes","Yes","z-score (according to ISO-13528) < 3","Yes","No","Extraction recoveries were checked, the data was not recovery corrected"
"3192","pg/sampler","0","8","16","static liquid extraction","11",,"0",,,"1","No","Yes","Yes","No","Yes","Not known","No","No","Extraction recoveries were checked, the data was not recovery corrected"
"3193","pg/sampler","0","8","16","static liquid extraction","11",,"0",,,"1","No","Yes","Yes","No","Yes","Not known","No","No","Extraction recoveries were checked, the data was not recovery corrected"
"3194","pg/sampler","0","29","16","static liquid extraction","11",,"0",,,"1","No","Yes","Yes","No","Yes","Not known","No","No","Extraction recoveries were checked, the data was not recovery corrected"
"3195","pg/sampler","0","26","16","static liquid extraction","11",,"0",,,"1","No","Yes","Yes","No","Yes","Not known","No","No","Extraction recoveries were checked, the data was not recovery corrected"
"3196","pg/sampler","0","56","16","static liquid extraction","11",,"0",,,"1","No","Yes","Yes","No","Yes","Not known","No","No","Extraction recoveries were checked, the data was not recovery corrected"
"3197","pg/sampler","0","54","16","static liquid extraction","11",,"0",,,"1","No","Yes","Yes","No","Yes","Not known","No","No","Extraction recoveries were checked, the data was not recovery corrected"
"3198","pg/sampler","0","28","16","static liquid extraction","11",,"0",,,"1","No","Yes","Yes","No","Yes","Not known","No","No","Extraction recoveries were checked, the data was not recovery corrected"
"3199","pg/sampler","0","206","16","static liquid extraction","11",,"0",,,"1","No","Yes","Yes","No","Yes","Not known","No","No","Extraction recoveries were checked, the data was not recovery corrected"
"3200","pg/sampler","0","50","16","static liquid extraction","11",,"0",,,"1","No","Yes","Yes","No","Yes","Not known","No","No","Extraction recoveries were checked, the data was not recovery corrected"
"3201","pg/sampler","0","47.8","16","static liquid extraction","11",,"0",,,"1","No","Yes","Yes","No","Yes","Not known","No","No","Extraction recoveries were checked, the data was not recovery corrected"
"3202","pg/sampler","0","151.6","16","static liquid extraction","11",,"0",,,"1","No","Yes","Yes","No","Yes","Not known","No","No","Extraction recoveries were checked, the data was not recovery corrected"
"3203","pg/sampler","0","80","16","static liquid extraction","11",,"0",,,"1","No","Yes","Yes","No","Yes","Not known","No","No","Extraction recoveries were checked, the data was not recovery corrected"
"3204","pg/sampler","0","34","16","static liquid extraction","11",,"0",,,"1","No","Yes","Yes","No","Yes","Not known","No","No","Extraction recoveries were checked, the data was not recovery corrected"
"3205","pg/sampler","0","8","16","static liquid extraction","11",,"0",,,"1","No","Yes","Yes","No","Yes","Not known","No","No","Extraction recoveries were checked, the data was not recovery corrected"
"3206","pg/sampler","0","20","16","static liquid extraction","11",,"0",,,"1","No","Yes","Yes","No","Yes","Not known","No","No","Extraction recoveries were checked, the data was not recovery corrected"
"3207","pg/sampler","0","14","16","static liquid extraction","11",,"0",,,"1","No","Yes","Yes","No","Yes","Not known","No","No","Extraction recoveries were checked, the data was not recovery corrected"
"3208","pg/sampler","0","8","16","static liquid extraction","11",,"0",,,"1","No","Yes","Yes","No","Yes","Not known","No","No","Extraction recoveries were checked, the data was not recovery corrected"
"3209","pg/sampler","0","8","16","static liquid extraction","11",,"0",,,"1","No","Yes","Yes","No","Yes","Not known","No","No","Extraction recoveries were checked, the data was not recovery corrected"
"3210","pg/sampler","0","8","16","static liquid extraction","11",,"0",,,"1","No","Yes","Yes","No","Yes","Not known","No","No","Extraction recoveries were checked, the data was not recovery corrected"
"3211","pg/sampler","0","8","16","static liquid extraction","11",,"0",,,"1","No","Yes","Yes","No","Yes","Not known","No","No","Extraction recoveries were checked, the data was not recovery corrected"
"3212","pg/sampler","0","8","16","static liquid extraction","11",,"0",,,"1","No","Yes","Yes","No","Yes","Not known","No","No","Extraction recoveries were checked, the data was not recovery corrected"
"3654","ng/sampler","0.25000000000025","0.62500000000025","16","static liquid extraction","11",,"0",,,"1","No","Yes","Yes","No","Yes","Not known","No","No","Extraction recoveries were checked, the data was not recovery corrected"
"3655","ng/sampler","1.25000000000025","2.50000000000025","16","static liquid extraction","11",,"0",,,"1","No","Yes","Yes","No","Yes","Not known","No","No","Extraction recoveries were checked, the data was not recovery corrected"
"3656","ng/sampler","0.12500002500025","0.25000000002525","16","static liquid extraction","11",,"0",,,"1","No","Yes","Yes","No","Yes","Not known","No","No","Extraction recoveries were checked, the data was not recovery corrected"
"3657","ng/sampler","0.25000000000025","0.62500000000025","16","static liquid extraction","11",,"0",,,"1","No","Yes","Yes","No","Yes","Not known","No","No","Extraction recoveries were checked, the data was not recovery corrected"
"3658","ng/sampler","0.12500000000025","0.25000000000025","16","static liquid extraction","11",,"0",,,"1","No","Yes","Yes","No","Yes","Not known","No","No","Extraction recoveries were checked, the data was not recovery corrected"
"3659","ng/sampler","0.07500000000025","0.12500000000025","16","static liquid extraction","11",,"0",,,"1","No","Yes","Yes","No","Yes","Not known","No","No","Extraction recoveries were checked, the data was not recovery corrected"
"3660","ng/sampler","0.62500000000025","1.25000000000025","16","static liquid extraction","11",,"0",,,"1","No","Yes","Yes","No","Yes","Not known","No","No","Extraction recoveries were checked, the data was not recovery corrected"
"3661","ng/sampler","0.25000000000025","0.62500000000025","16","static liquid extraction","11",,"0",,,"1","No","Yes","Yes","No","Yes","Not known","No","No","Extraction recoveries were checked, the data was not recovery corrected"
"3662","ng/sampler","0.62500000000025","1.25000000000025","16","static liquid extraction","11",,"0",,,"1","No","Yes","Yes","No","Yes","Not known","No","No","Extraction recoveries were checked, the data was not recovery corrected"
"3663","ng/sampler","2.50000000000025","7.50000000000025","16","static liquid extraction","11",,"0",,,"1","No","Yes","Yes","No","Yes","Not known","No","No","Extraction recoveries were checked, the data was not recovery corrected"
"3664","ng/sampler","0.12500000000025","0.62500000000025","16","static liquid extraction","11",,"0",,,"1","No","Yes","Yes","No","Yes","Not known","No","No","Extraction recoveries were checked, the data was not recovery corrected"
"3665","ng/sampler","0.50000000000025","1.25000000000025","16","static liquid extraction","11",,"0",,,"1","No","Yes","Yes","No","Yes","Not known","No","No","Extraction recoveries were checked, the data was not recovery corrected"
"3666","ng/sampler","0.02500000000025","0.07500000000025","16","static liquid extraction","11",,"0",,,"1","No","Yes","Yes","No","Yes","Not known","No","No","Extraction recoveries were checked, the data was not recovery corrected"
"3667","ng/sampler","0.12500000000025","0.25000000000025","16","static liquid extraction","11",,"0",,,"1","No","Yes","Yes","No","Yes","Not known","No","No","Extraction recoveries were checked, the data was not recovery corrected"
"3668","ng/sampler","0.25000000000025","0.62500000000025","16","static liquid extraction","11",,"0",,,"1","No","Yes","Yes","No","Yes","Not known","No","No","Extraction recoveries were checked, the data was not recovery corrected"
"3969",,"0","0","17",,"3",,"5",,,"3","Yes","Yes","Yes","Yes","Yes","z-score (according to ISO-13528) < 3","Not applicable","Yes",
"3970",,"0","0","17",,"3",,"5",,,"3","No","Yes","Yes","Yes","Yes","z-score (according to ISO-13528) < 3","Not applicable","Yes",
"3971",,"0","0.03","17",,"3",,"5",,,"3","No","Yes","Yes","Yes","Yes","z-score (according to ISO-13528) < 3","Not applicable","Yes",
"3972",,"0","0.07","17",,"3",,"5",,,"3","No","Yes","Yes","Yes","Yes","z-score (according to ISO-13528) < 3","Not applicable","Yes",
"3973",,"0","6","17",,"3",,"5",,,"3","Yes","Yes","Yes","Yes","Yes","z-score (according to ISO-13528) < 3","Not applicable","Yes",
