"pri_nr","pri_use_for_priority_list","pri_substance","pri_cas_no","pri_no_sites_new","pri_no_sites_where_mecsite_pnec_new","pri_mec95_new","pri_mecsite_max_new","pri_loq_min","pri_cat","pri_lowest_pnec","pri_pnec_type","pri_reference_pnec","pri_max_exceedance","pri_extent_of_exceedence","pri_score_eoe","pri_score_foe","pri_score_total","pri_loq_exceedance","pri_substance_new","pri_no_of_sites_mecsite_pnec_new"
"6","x","17-beta-Estradiol","50-28-2","76","52","0.006674","0.007773","0.00012","1","0.0004","AA-EQS","DIRECTIVE 2011/876/EC OF THE EUROPEAN PARLIAMENT AND OF THE COUNCIL","19.4","16.7","0.2","0.6842","0.8842","0.3","17-beta-Estradiol","52"
"167","x","Pyriproxyfen / 2-(1-methyl-2-(4-phenoxy-phenoxy)-ethoxy)-pyridine","95737-68-1","76","46","0.08957","0.09959","0.0015","1","0.0015","PNEC chronic","Footprint (2018)","66.4","59.7","0.2","0.6053","0.8053","1","Pyriproxyfen / 2-(1-methyl-2-(4-phenoxy-phenoxy)-ethoxy)-pyridine","46"
"64","x","Diclofenthion","97-17-6","76","33","0.05008","0.05481","0.0015","1","0.0041","PNEC acute","Aquire 6797","13.4","12.2","0.2","0.4342","0.6342","0.3659","Diclofenthion","33"
"149","x","Perfluorooctane sulfonate (PFOS)","1763-23-1","76","30","0.0554","2.71","0.000012","1","0.00065","EQS chronic water (=AA-EQS)","DIRECTIVE 2013/39/EU OF THE EUROPEAN PARLIAMENT AND OF THE COUNCIL","4167","85.2","0.2","0.3947","0.5947","0.01846","Perfluorooctane sulfonate (PFOS)","30"
"101","x","Ibuprofen","15687-27-1","76","18","0.1772","0.8678","0.00388","1","0.01","EQS chronic water (=AA-EQS)","EQS DATASHEET, Environmental Quality Standard, Ibuprofen","86.8","17.7","0.2","0.2368","0.4368","0.388","Ibuprofen","18"
"62","x","Diazinon","333-41-5","76","13","0.01255","0.02375","0.0002","1","0.01","JD-UQN","UBA (2016) Oberflächengewässer VO","2.38","1.26","0.1","0.1711","0.2711","0.02","Diazinon","13"
"76","x","Estrone","53-16-7","76","13","0.006138","0.007343","0.00017","1","0.0036","EQS-proposal","WL substance dossier","2.04","1.71","0.1","0.1711","0.2711","0.04722","Estrone","13"
"63","x","Diclofenac","15307-86-5","76","8","0.1093","0.28","0.00205","1","0.05","EQS-proposal","WL substance dossier","5.6","2.19","0.1","0.1053","0.2053","0.041","Diclofenac","8"
"38","x","Bisphenol A","80-05-7","76","5","0.2498","0.6494","0.00039","1","0.2","EQS chronic water (=AA-EQS)","UBA (2017) EQS dossier","3.25","1.25","0.1","0.06579","0.1658","0.00195","Bisphenol A","5"
"114","x","Malathion","121-75-5","76","6","0","0.3204","0.0009","2","0.006","AA-QSwater_eco","INERIS (2017)","53.4","0","0","0.07895","0.07895","0.15","Malathion","6"
"128","x","Octocrylene","6197-30-4","76","3","0","0.027","0.009","2","0.023","PNEC aqua (freshwater)","ECHA DOSSIER (03/2018)","1.17","0","0","0.03947","0.03947","0.3913","Octocrylene","3"
"133","x","Omethoate","1113-02-6","76","3","0","0.01171","0.0009","2","0.004","JD-UQN","UBA (2016) Oberflächengewässer VO","2.93","0","0","0.03947","0.03947","0.225","Omethoate","3"
"32","x","Azinphos-methyl","86-50-0","76","2","0","0.00869","0.0015","2","0.0065","JG-MKN (totaal)","RIVM (2018)","1.34","0","0","0.02632","0.02632","0.2308","Azinphos-methyl","2"
"84","x","Fenitrothion","122-14-5","76","2","0","0.04739","0.006","2","0.009","JD-UQN","UBA (2016) Oberflächengewässer VO","5.27","0","0","0.02632","0.02632","0.6667","Fenitrothion","2"
"187","x","Triclocarban","101-20-2","76","2","0","0.003448","0.00012","2","0.00112","PNEC chronic","Aquire 90724","3.08","0","0","0.02632","0.02632","0.1071","Triclocarban","2"
"119","x","Metolachlor","51218-45-2","76","1","0","0.447","0.0009","2","0.2","JD-UQN","UBA (2016) Oberflächengewässer VO","2.23","0","0","0.01316","0.01316","0.0045","Metolachlor","1"
"9","","2,4-Dihydroxybenzophenone","131-56-6","76","0","0","0.0551","0.00324","2","33","PNEC aqua (freshwater)","ECHA DOSSIER (03/2018)","0.00167","0","0","0","0","0.00009818","2,4-Dihydroxybenzophenone","0"
"10","","3-hydroxycarbofuran","16655-82-6","76","0","0","0.00847","0.0006","2","4.3","Indicatief MTR (opgelost)","RIVM (2018)","0.00197","0","0","0","0","0.0001395","3-hydroxycarbofuran","0"
"18","","Acetochlor","34256-82-1","76","0","0","0","0.006","2","0.013","AA-QSwater_eco","INERIS (2008)","0","0","0","0","0","0.4615","Acetochlor","0"
"20","","Alachlor","15972-60-8","76","0","0","0","0.006","2","0.3","EQS chronic water (=AA-EQS)","DIRECTIVE 2013/39/EU OF THE EUROPEAN PARLIAMENT AND OF THE COUNCIL ","0","0","0","0","0","0.02","Alachlor","0"
"28","","Atrazine","1912-24-9","76","0","0","0.0198","0.0039","2","0.6","EQS chronic water (=AA-EQS)","DIRECTIVE 2013/39/EU OF THE EUROPEAN PARLIAMENT AND OF THE COUNCIL ","0.033","0","0","0","0","0.0065","Atrazine","0"
"45","","Carbendazim","10605-21-7","76","0","0","0","0.00003","2","0.15","AA-QSwater_eco","INERIS (2017)","0","0","0","0","0","0.0002","","0"
"46","","Carbofuran","1563-66-2","76","0","0","0.00675","0.0006","2","0.016","AA-QSwater_eco","INERIS (2008)","0.4219","0","0","0","0","0.0375","Carbofuran","0"
"57","","Desethylatrazine","6190-65-4","76","0","0","0.09721","0.006","2","0.6","PNEC chronic","CIRCA (2008) data sheet, Dir. 2008/105/EC","0.162","0","0","0","0","0.01","Desethylatrazine","0"
"58","","Desethylterbutylazin","30125-63-4","76","0","0","0","0.00003","2","0.25","JG-MKN (totaal)","RIVM (2018)","0","0","0","0","0","0.00012","","0"
"65","","Diethylstilbestrol","56-53-1","76","0","0","0.002295","0.00014","2","4.86","Indicatief MTR (opgelost)","RIVM (2018)","0.0004722","0","0","0","0","0.00002881","Diethylstilbestrol","0"
"69","","Diuron","330-54-1","76","0","0","0.151","0.005","2","0.2","EQS chronic water (=AA-EQS)","DIRECTIVE 2013/39/EU OF THE EUROPEAN PARLIAMENT AND OF THE COUNCIL ","0.7548","0","0","0","0","0.025","Diuron","0"
"75","","Estriol","50-27-1","76","0","0","0.005693","0.00056","2","0.06","PNEC","Caldwell et al (2012)","0.09488","0","0","0","0","0.009333","Estriol","0"
"79","","Ethyl 4-aminobenzoate (Et-PABA)","94-09-7","76","0","0","0","0.0015","2","9.2","PNEC acute","Aquire 182","0","0","0","0","0","0.000163","Ethyl 4-aminobenzoate (Et-PABA)","0"
"82","","Ethylhexyl methoxycinnamate","5466-77-3","76","0","0","0.041","0.00216","2","6","EQS-proposal","WL substance dossier","0.006833","0","0","0","0","0.00036","Ethylhexyl methoxycinnamate","0"
"88","","Fenthion","55-38-9","76","0","0","0.00264","0.001","2","0.004","JD-UQN","UBA (2016) Oberflächengewässer VO","0.66","0","0","0","0","0.25","Fenthion","0"
"90","","Fenthion sulfoxide","3761-41-9","76","0","0","0.00264","0.001","2","0.24","Indicatief MTR (opgelost)","RIVM (2018)","0.011","0","0","0","0","0.004167","Fenthion sulfoxide","0"
"91","","Fluoxetine","54910-89-3","76","0","0","0.01728","0.00119","2","0.1","PNEC chronic","Aquire 164093","0.1728","0","0","0","0","0.0119","Fluoxetine","0"
"107","","Isoproturon / 3-(4-isopropylphenyl)-1,1-dimethylurea","34123-59-6","76","0","0","0.02548","0.0009","2","0.3","EQS chronic water (=AA-EQS)","DIRECTIVE 2013/39/EU OF THE EUROPEAN PARLIAMENT AND OF THE COUNCIL ","0.08493","0","0","0","0","0.003","Isoproturon / 3-(4-isopropylphenyl)-1,1-dimethylurea","0"
"116","","Methiocarb","2032-65-7","76","0","0","0.00323","0.0009","2","0.01","EQS-proposal","WL substance dossier","0.323","0","0","0","0","0.09","Methiocarb","0"
"120","","Metoprolol","37350-58-6","76","0","0","0.2917","0.00035","2","8.6","AA-EQS","OZ (2016) EQS Dossier","0.03392","0","0","0","0","0.0000407","Metoprolol","0"
"123","","Molinate","2212-67-1","76","0","0","0.00909","0.0015","2","3.8","PNEC acute","DG-SANCO 2000","0.002392","0","0","0","0","0.0003947","Molinate","0"
"137","","Parathion methyl","298-00-0","76","0","0","0","0.006","2","0.02","JD-UQN","UBA (2016) Oberflächengewässer VO","0","0","0","0","0","0.3","Parathion methyl","0"
"145","","Perfluorohexanoic acid","307-24-4","76","0","0","0.03135","0.0012","2","140","AA-EQS","Italian EQS Working Group (2015) ","0.0002239","0","0","0","0","0.000008571","Perfluorohexanoic acid","0"
"146","","Perfluorononanoic acid","375-95-1","76","0","0","0.1161","0.0012","2","1","PNEC chronic","Aquire 160553","0.1161","0","0","0","0","0.0012","Perfluorononanoic acid","0"
"148","","Perfluorooctane sulfonamide","754-91-6","76","0","0","0","0.0006","2","0.00065","EQS chronic water (=AA-EQS)","DIRECTIVE 2013/39/EU OF THE EUROPEAN PARLIAMENT AND OF THE COUNCIL ","0","0","0","0","0","0.9231","Perfluorooctane sulfonamide","0"
"162","","Propanil","709-98-8","76","0","0","0","0.0009","2","0.2","AA-QSwater_eco","INERIS (2017)","0","0","0","0","0","0.0045","Propanil","0"
"163","","Propazine","139-40-2","76","0","0","0.01328","0.0009","2","0.18","PNEC acute","Footprint (2018)","0.07378","0","0","0","0","0.005","Propazine","0"
"168","","Ranitidine","66357-35-5","76","0","0","0.04972","0.0035","2","3.1","PNEC chronic","Aquire 156179 ","0.01604","0","0","0","0","0.001129","Ranitidine","0"
"171","","Simazine","122-34-9","76","0","0","0.04795","0.006","2","1","EQS chronic water (=AA-EQS)","DIRECTIVE 2013/39/EU OF THE EUROPEAN PARLIAMENT AND OF THE COUNCIL ","0.04795","0","0","0","0","0.006","Simazine","0"
"175","","Tebuconazole","107534-96-3","76","0","0","0","0.00039","2","0.24","AA-EQS","OZ (2016) EQS Dossier","0","0","0","0","0","0.001625","","0"
"177","","Terbumeton","33693-04-8","76","0","0","0","0.00003","2","0.023","PNEC acute","Aquire 62304","0","0","0","0","0","0.001304","","0"
"179","","Terbuthylazine","5915-41-3","76","0","0","0","0.00003","2","0.06","AA-QSwater_eco","INERIS (2017)","0","0","0","0","0","0.0005","","0"
"180","","Terbutryn","886-50-0","76","0","0","0.01485","0.0015","2","0.065","EQS chronic water (=AA-EQS)","DIRECTIVE 2011/876/EC OF THE EUROPEAN PARLIAMENT AND OF THE COUNCIL","0.2285","0","0","0","0","0.02308","Terbutryn","0"
"181","","Terbutylazine-2-hydroxy","66753-07-9","76","0","0","0","0.00003","2","0.0073","PNEC chronic","Aquire 174504 ","0","0","0","0","0","0.00411","","0"
"182","","Tetracycline","60-54-8","76","0","0","0.0274","0.01183","2","237","AA-EQS","OZ (2012) EQS Dossier","0.0001156","0","0","0","0","0.00004992","Tetracycline","0"
"184","","Tolclofos methyl","57018-04-9","76","0","0","0.03612","0.0015","2","1.2","wettelijk JG-MKN (totaal)","RIVM (2018)","0.0301","0","0","0","0","0.00125","Tolclofos methyl","0"
"188","","Triclosan","3380-34-5","76","0","0","0.01896","0.00058","2","0.02","EQS chronic water (=AA-EQS)","UBA (2012) EQS Dossier","0.948","0","0","0","0","0.029","Triclosan","0"
"111","x","Lorazepam","846-49-1","76","4","0.1181","0.3056","0.0037","3","0.096","P-PNEC","ToxTram (2017)","3.18","1.23","0.1","0.05263","0.1526","0.03854","Lorazepam","4"
"105","x","Iopromide","73334-07-3","76","3","0.3271","1.37","0.00059","3","0.143","P-PNEC","ToxTram (2017)","9.57","2.29","0.1","0.03947","0.1395","0.004126","Iopromide","3"
"13","x","4-Methylbenzylidene camphor","36861-47-9","76","1","0.1161","0.173","0.0034","3","0.171","P-PNEC","Aquire 170704","1.01","0.6789","0","0.01316","0.01316","0.01988","4-Methylbenzylidene camphor","1"
"141","x","Perfluorodecanoic acid","335-76-2","76","1","0.05076","0.213","0.00012","3","0.1655","P-PNEC","ToxTram (2017)","1.29","0.3067","0","0.01316","0.01316","0.0007251","Perfluorodecanoic acid","1"
"3","","(±)-Methadone hydrochloride","-","76","0","0.0082","0.02","0.00017","3","0.658","-","-","0.0304","0.01246","0","0","0","0.0002584","(±)-Methadone hydrochloride","0"
"7","","1S,2R (+)-Ephedrine","-","76","0","0.06225","0.144","0.0004","3","38.4","-","-","0.003746","0.001619","0","0","0","0.0000104","1S,2R (+)-Ephedrine","0"
"19","","ACRIDONE","578-95-0","76","0","0.02045","0.04273","0.00009","3","0.3886","P-PNEC","ToxTram (2017)","0.11","0.05261","0","0","0","0.0002316","ACRIDONE","0"
"21","","Albendazole","54965-21-8","76","0","0.001835","0.00191","0.00005","3","0.2627","P-PNEC","ToxTram (2017)","0.007271","0.006985","0","0","0","0.0001903","Albendazole","0"
"22","","Albuterol","18559-94-9","76","0","0.01082","0.01609","0.00004","3","17.1","P-PNEC","ToxTram (2017)","0.0009391","0.0006314","0","0","0","0.000002335","Albuterol","0"
"23","","Alprazolam","28981-97-7","76","0","0.006833","0.0081","0.00048","3","0.07684","P-PNEC","ToxTram (2017)","0.1054","0.08892","0","0","0","0.006247","Alprazolam","0"
"27","","ATORVASTATIN","134523-00-5","76","0","0.001885","0.00864","0.00002","3","0.4337","P-PNEC","ToxTram (2017)","0.01992","0.004346","0","0","0","0.00004611","ATORVASTATIN","0"
"35","","Benzoylecgonine (Cocaine)","519-09-5","76","0","0.04888","0.651","0.0009","3","2.33","P-PNEC","ToxTram (2017)","0.2789","0.02094","0","0","0","0.0003856","Benzoylecgonine (Cocaine)","0"
"36","","Benzylparaben","94-18-8","76","0","0.007049","0.007285","0.0001","3","2.95","P-PNEC","ToxTram (2017)","0.002472","0.002392","0","0","0","0.00003393","Benzylparaben","0"
"54","","Clopidogrel","113665-84-2","76","0","0.00731","0.01449","0.00004","3","0.617","P-PNEC","ToxTram (2017)","0.02348","0.01185","0","0","0","0.00006483","Clopidogrel","0"
"55","","Cocaine","50-36-2","76","0","0.01439","0.728","0.0003","3","2.46","P-PNEC","ToxTram (2017)","0.2964","0.005858","0","0","0","0.0001221","Cocaine","0"
"56","","Codeine","76-57-3","76","0","0.01231","0.06441","0.00007","3","7.19","P-PNEC","ToxTram (2017)","0.008964","0.001713","0","0","0","0.000009742","Codeine","0"
"59","","DESLORATIDINE","100643-71-8","76","0","0.002061","0.00634","0.00014","3","0.3365","P-PNEC","ToxTram (2017)","0.01884","0.006125","0","0","0","0.000416","DESLORATIDINE","0"
"60","","Dexamethasone","50-02-2","76","0","0.002738","0.00485","0.00016","3","19.1","P-PNEC","ToxTram (2017)","0.0002535","0.0001431","0","0","0","0.000008363","Dexamethasone","0"
"66","","DILTIAZEM","42399-41-7","76","0","0.008919","0.0426","0.00005","3","0.2252","P-PNEC","ToxTram (2017)","0.1892","0.0396","0","0","0","0.000222","DILTIAZEM","0"
"72","","ENALAPRILAT","76420-72-9","76","0","0.09062","0.0982","0.00358","3","1.35","P-PNEC","ToxTram (2017)","0.07258","0.06697","0","0","0","0.002646","ENALAPRILAT","0"
"78","","Estrone sulphate","481-97-0","76","0","0.00532","0.009302","0.000013","3","24.6","P-PNEC","ToxTram (2017)","0.000378","0.0002162","0","0","0","0.0000005283","Estrone sulphate","0"
"80","","Ethyl paraben","120-47-8","76","0","0.01728","0.04901","0.00089","3","4.6","P-PNEC","ToxTram (2017)","0.01066","0.003757","0","0","0","0.0001935","Ethyl paraben","0"
"93","","Furosemide","54-31-9","76","0","0.118","0.2965","0.00151","3","0.7067","P-PNEC","ToxTram (2017)","0.4195","0.167","0","0","0","0.002137","Furosemide","0"
"98","","Hydrochlorothiazide","58-93-5","76","0","0.3259","1.15","0.00016","3","8.38","P-PNEC","ToxTram (2017)","0.1368","0.03888","0","0","0","0.00001909","Hydrochlorothiazide","0"
"108","","Ketoprofen","22071-15-4","76","0","0.08034","0.3568","0.00253","3","2.1","P-PNEC","ToxTram (2017)","0.1702","0.03834","0","0","0","0.001207","Ketoprofen","0"
"109","","LEVAMISOL","14769-73-4","76","0","0.03563","0.06348","0.00002","3","1.81","P-PNEC","ToxTram (2017)","0.03502","0.01965","0","0","0","0.00001103","LEVAMISOL","0"
"115","","Methamphetamine","537-46-2","76","0","0.00196","0.0029","0.00012","3","9.74","P-PNEC","ToxTram (2017)","0.0002979","0.0002013","0","0","0","0.00001233","Methamphetamine","0"
"117","","Methyl paraben","99-76-3","76","0","0.04587","0.1419","0.00068","3","5","P-PNEC exp.","Aquire 103220","0.02838","0.009173","0","0","0","0.000136","Methyl paraben","0"
"121","","METRONIDAZOLE","443-48-1","76","0","0.03923","0.06593","0.00191","3","33.1","P-PNEC","ToxTram (2017)","0.001993","0.001186","0","0","0","0.00005774","METRONIDAZOLE","0"
"134","","Oxybenzone","131-57-7","76","0","0.04075","0.0441","0.003","3","1.54","P-PNEC","ToxTram (2017)","0.02862","0.02644","0","0","0","0.001947","Oxybenzone","0"
"135","","Oxycodone","76-42-6","76","0","0.00707","0.02545","0.00017","3","8.04","P-PNEC","ToxTram (2017)","0.003167","0.0008798","0","0","0","0.00002115","Oxycodone","0"
"140","","Perfluorobutanoic acid","375-22-4","76","0","0.552","0.7429","0.00012","3","27.8","P-PNEC","ToxTram (2017)","0.02677","0.01989","0","0","0","0.000004324","Perfluorobutanoic acid","0"
"144","","Perfluorohexane sulfonate (PFHxS) (anion)","355-46-4","76","0","0.03459","0.08851","0.000012","3","190","P-PNEC","ECOSAR v1.11 (2012)","0.0004659","0.000182","0","0","0","0.00000006316","Perfluorohexane sulfonate (PFHxS) (anion)","0"
"151","","Perfluoropentanoic acid","2706-90-3","76","0","0.0214","0.06779","0.00012","3","3.91","P-PNEC","ToxTram (2017)","0.01732","0.005468","0","0","0","0.00003066","Perfluoropentanoic acid","0"
"159","","PIROXICAM","36322-90-4","76","0","0.00406","0.00506","0.00006","3","0.6219","P-PNEC","ToxTram (2017)","0.008136","0.006528","0","0","0","0.00009648","PIROXICAM","0"
"160","","Pravastatin","81093-37-0","76","0","0.007915","0.01081","0.00039","3","4.57","P-PNEC","ToxTram (2017)","0.002367","0.001733","0","0","0","0.00008541","Pravastatin","0"
"165","","Propyl paraben","94-13-3","76","0","0.01881","0.02607","0.000069","3","12.3","P-PNEC exp.","Aquire 158949","0.002119","0.001529","0","0","0","0.00000561","Propyl paraben","0"
"174","","TAMSULOSIN","106133-20-4","76","0","0.002086","0.00528","0.00006","3","0.3461","P-PNEC","ToxTram (2017)","0.01526","0.006027","0","0","0","0.0001734","TAMSULOSIN","0"
"185","","TORASEMIDE","56211-40-6","76","0","0.01034","0.02041","0.00008","3","0.4898","P-PNEC","ToxTram (2017)","0.04167","0.02111","0","0","0","0.0001633","TORASEMIDE","0"
"186","","Trazodone","19794-93-5","76","0","0.03155","0.04004","0.00009","3","5.21","P-PNEC","ToxTram (2017)","0.007682","0.006052","0","0","0","0.00001727","Trazodone","0"
"136","x","Parathion","56-38-2","76","8","0","0.04192","0.006","4","0.005","JD-UQN","UBA (2016) Oberflächengewässer VO","8.38","0","0","0.1053","0.1053","1.2","Parathion","8"
"70","x","Echio (Ethion)","563-12-2","76","6","0","0.02428","0.0015","4","0.00048","PNEC acute","Aquire 175414","50.6","0","0","0.07895","0.07895","3.13","Echio (Ethion)","6"
"31","x","Azinphos-ethyl","2642-71-9","76","5","0","0.00343","0.0015","4","0.0011","JG-MKN (opgelost)","RIVM (2018)","3.12","0","0","0.06579","0.06579","1.36","Azinphos-ethyl","5"
"5","x","17-alpha-Ethinylestradiol","57-63-6","76","1","0","0.002213","0.00047","4","0.000035","EQS chronic water (=AA-EQS)","DIRECTIVE 2011/876/EC OF THE EUROPEAN PARLIAMENT AND OF THE COUNCIL","63.2","0","0","0.01316","0.01316","13.4","17-alpha-Ethinylestradiol","1"
"131","x","Ofloxacin","82419-36-1","76","6","0","0.1095","0.00014","5","0.021","P-PNEC exp.","Aquire 80421 ","5.21","0","0","0.07895","0.07895","0.006667","Ofloxacin","6"
"89","x","Fenthion sulfone","3761-42-0","76","1","0","0.01367","0.001","5","0.0095","P-PNEC","ToxTram (2017)","1.44","0","0","0.01316","0.01316","0.1053","Fenthion sulfone","1"
"170","x","Sertraline","79617-96-2","76","1","0","0.1449","0.00212","5","0.0914","P-PNEC exp.","Aquire 107936","1.59","0","0","0.01316","0.01316","0.02319","Sertraline","1"
"1","","(±)-11-hydro-?9-THC","36557-05-8","76","0","0","0","0.00429","5","0.2836","P-PNEC","ToxTram (2017)","0","0","0","0","0","0.01513","(±)-11-hydro-?9-THC","0"
"2","","(±)-11-nor-9-carboxy-?9-THC","-","76","0","0","0.017","0.00429","5","0.0715","-","-","0.2378","0","0","0","0","0.06","(±)-11-nor-9-carboxy-?9-THC","0"
"8","","2,2'-Dihydroxy-4-methoxybenzophenone (DHMB)","131-53-3","76","0","0","0","0.0033","5","0.8588","P-PNEC","ToxTram (2017)","0","0","0","0","0","0.003843","2,2'-Dihydroxy-4-methoxybenzophenone (DHMB)","0"
"11","","4,4'-Dihidroxybenzophenone (4DHB)","611-99-4","76","0","0","0.153","0.0012","5","6.56","P-PNEC","ToxTram (2017)","0.02331","0","0","0","0","0.0001828","4,4'-Dihidroxybenzophenone (4DHB)","0"
"12","","4-Hydroxybenzophenone (4HB)","1137-42-4","76","0","0","1.46","0.0006","5","2.77","P-PNEC","ToxTram (2017)","0.5258","0","0","0","0","0.0002164","4-Hydroxybenzophenone (4HB)","0"
"15","","6-Acetylmorphine","2784-73-8","76","0","0","0.0025","0.00064","5","5.19","P-PNEC","ToxTram (2017)","0.0004818","0","0","0","0","0.0001233","6-Acetylmorphine","0"
"16","","6-Deisopropylatrazine / 6-chloro-N-ethyl-1,3,5-Triazine-2,4-diamine","1007-28-9","76","0","0","0.03018","0.006","5","0.3894","P-PNEC","ToxTram (2017)","0.07751","0","0","0","0","0.01541","6-Deisopropylatrazine / 6-chloro-N-ethyl-1,3,5-Triazine-2,4-diamine","0"
"25","","Amphetamine","300-62-9","76","0","0","0.0065","0.003","5","24.8","P-PNEC","ToxTram (2017)","0.0002621","0","0","0","0","0.000121","Amphetamine","0"
"29","","AZAPEROL","2804-05-9","76","0","0","0.00425","0.00107","5","0.571","P-PNEC","ToxTram (2017)","0.007443","0","0","0","0","0.001874","AZAPEROL","0"
"30","","AZAPERONE","1649-18-9","76","0","0","0.00718","0.00079","5","0.974","P-PNEC","ToxTram (2017)","0.007372","0","0","0","0","0.0008111","AZAPERONE","0"
"34","","Benzophenone-2 (BP2)","131-55-5","76","0","0","0","0.006","5","7.26","P-PNEC","ToxTram (2017)","0","0","0","0","0","0.0008261","Benzophenone-2 (BP2)","0"
"41","","Cannabidiol","-","76","0","0","0","0.00923","5","0.1677","-","-","0","0","0","0","0","0.05504","Cannabidiol","0"
"42","","Cannabinol","-","76","0","0","0","0.00963","5","0.0796","-","-","0","0","0","0","0","0.121","Cannabinol","0"
"43","","Carazolol","57775-29-8","76","0","0","0.00269","0.0004","5","0.2655","P-PNEC","ToxTram (2017)","0.01013","0","0","0","0","0.001507","Carazolol","0"
"47","","Cefalexin","15686-71-2","76","0","0","0.0014","0.0008","5","1.47","P-PNEC","ToxTram (2017)","0.0009524","0","0","0","0","0.0005443","Cefalexin","0"
"50","","CIMETIDINE","51481-61-9","76","0","0","0.03376","0.00031","5","2.35","P-PNEC","ToxTram (2017)","0.01434","0","0","0","0","0.0001317","CIMETIDINE","0"
"68","","DIMETRIDAZOLE","551-92-8","76","0","0","0.04741","0.0049","5","29.5","P-PNEC","ToxTram (2017)","0.001606","0","0","0","0","0.000166","DIMETRIDAZOLE","0"
"71","","Enalapril","75847-73-3","76","0","0","0.01022","0.00158","5","1.58","P-PNEC","ToxTram (2017)","0.006488","0","0","0","0","0.001003","Enalapril","0"
"74","","Estradiol 17-glucuronide","NA","4","0","0","0.007189","0","5","31318","-","-","0.0000002295","0","0","0","0","0","Estradiol 17-glucuronide","0"
"77","","Estrone 3-glucuronide","2479-90-5","7","0","0","0.008399","0","5","8.38","P-PNEC","ToxTram (2017)","0.001002","0","0","0","0","0","Estrone 3-glucuronide","0"
"81","","Ethylhexyl dimethyl PABA (OD-PABA)","21245-02-3","76","0","0","0.0049","0.0003","5","0.3023","P-PNEC","ToxTram (2017)","0.01621","0","0","0","0","0.0009924","Ethylhexyl dimethyl PABA (OD-PABA)","0"
"83","","Famotidine","76824-35-6","76","0","0","0.01761","0.0003","5","17.3","P-PNEC","ToxTram (2017)","0.001017","0","0","0","0","0.00001732","Famotidine","0"
"85","","Fenoxon","6552-12-1","76","0","0","0.00264","0.001","5","0.198","P-PNEC","ToxTram (2017)","0.01333","0","0","0","0","0.005051","Fenoxon","0"
"86","","Fenoxon sulfone","14086-35-2","76","0","0","0.00264","0.001","5","0.0797","P-PNEC","ToxTram (2017)","0.03312","0","0","0","0","0.01255","Fenoxon sulfone","0"
"87","","Fenoxon sulfoxide","6552-13-2","76","0","0","0.05066","0.001","5","0.4821","P-PNEC","ToxTram (2017)","0.1051","0","0","0","0","0.002074","Fenoxon sulfoxide","0"
"92","","FLUVASTATIN","93957-54-1","76","0","0","0.00419","0.00012","5","0.1733","P-PNEC","ToxTram (2017)","0.02418","0","0","0","0","0.0006924","FLUVASTATIN","0"
"95","","Glibenclamide (Glyburide)","10238-21-8","76","0","0","0.00461","0.0018","5","0.06336","P-PNEC","ToxTram (2017)","0.07276","0","0","0","0","0.02841","Glibenclamide (Glyburide)","0"
"96","","Heroin","561-27-3","76","0","0","0.0016","0.00166","5","65.5","P-PNEC","ToxTram (2017)","0.00002444","0","0","0","0","0.00002536","Heroin","0"
"99","","Hydrocodone","125-29-1","76","0","0","0.00356","0.0018","5","3.46","P-PNEC","ToxTram (2017)","0.001029","0","0","0","0","0.0005201","Hydrocodone","0"
"100","","i,p-PFNA","172155-07-6","76","0","0","0.005052","0.0012","5","2.22","P-PNEC","ToxTram (2017)","0.002274","0","0","0","0","0.0005401","i,p-PFNA","0"
"110","","Loratadine","79794-75-5","76","0","0","0.0104","0.00037","5","0.1185","P-PNEC","ToxTram (2017)","0.08776","0","0","0","0","0.003122","Loratadine","0"
"113","","LSD","-","76","0","0","0","0.0018","5","0.3949","-","-","0","0","0","0","0","0.004558","LSD","0"
"122","","METRONIDAZOLE-OH","4812-40-2","76","0","0","0.00408","0.00135","5","32.8","P-PNEC","ToxTram (2017)","0.0001245","0","0","0","0","0.00004119","METRONIDAZOLE-OH","0"
"124","","Morphine","57-27-2","76","0","0","0.0219","0.0009","5","5.38","P-PNEC","ToxTram (2017)","0.00407","0","0","0","0","0.0001673","Morphine","0"
"125","","Nadolol","42200-33-9","76","0","0","0.00262","0.00022","5","7.21","P-PNEC","ToxTram (2017)","0.0003635","0","0","0","0","0.00003053","Nadolol","0"
"127","","NORFLUOXETINE","56161-73-0","76","0","0","0.00326","0.00168","5","1.7","P-PNEC","ToxTram (2017)","0.001915","0","0","0","0","0.0009867","NORFLUOXETINE","0"
"130","","Octylphenol monocarboxylate","NA","1","0","0","0.001251","0","5","0.7913","-","-","0.001581","0","0","0","0","0","Octylphenol monocarboxylate","0"
"132","","Olanzapine","132539-06-1","76","0","0","0.0056","0.00015","5","0.0542","P-PNEC","ToxTram (2017)","0.1033","0","0","0","0","0.002768","Olanzapine","0"
"142","","Perfluorododecanoic acid","307-55-1","76","0","0","0.009808","0.00012","5","0.1149","-","-","0.08536","0","0","0","0","0.001044","Perfluorododecanoic acid","0"
"143","","Perfluoroheptanoic acid","375-85-9","76","0","0","0.08735","0.0012","5","0.505","P-PNEC","ToxTram (2017)","0.173","0","0","0","0","0.002376","Perfluoroheptanoic acid","0"
"147","","Perfluoro-n-undecanoic acid","2058-94-8","76","0","0","0.003652","0.00012","5","0.1257","P-PNEC","ToxTram (2017)","0.02905","0","0","0","0","0.0009547","Perfluoro-n-undecanoic acid","0"
"152","","Perfluorotetradecanoic acid","376-06-7","76","0","0","0.01754","0.00006","5","0.0828","P-PNEC","ToxTram (2017)","0.2118","0","0","0","0","0.0007246","Perfluorotetradecanoic acid","0"
"153","","PFDS","NA","76","0","0","0.006396","0.00012","5","1.44","-","-","0.004432","0","0","0","0","0.00008316","PFDS","0"
"154","","PFHpS","375-92-8","76","0","0","0","0.00012","5","0.4806","P-PNEC","ToxTram (2017)","0","0","0","0","0","0.0002497","PFHpS","0"
"155","","PFHxDA","67905-19-5","76","0","0","0.005168","0.00012","5","0.0777","P-PNEC","ToxTram (2017)","0.06651","0","0","0","0","0.001544","PFHxDA","0"
"156","","PFODA","16517-11-6","76","0","0","0.05614","0.0024","5","0.0687","P-PNEC","ToxTram (2017)","0.8171","0","0","0","0","0.03493","PFODA","0"
"157","","PFTrDA","72629-94-8","76","0","0","0.00975","0.00006","5","0.1032","P-PNEC","ToxTram (2017)","0.09448","0","0","0","0","0.0005814","PFTrDA","0"
"169","","RONIDAZOLE","7681-76-7","76","0","0","0.00772","0.00276","5","16.7","P-PNEC","ToxTram (2017)","0.0004621","0","0","0","0","0.0001652","RONIDAZOLE","0"
"172","","Sotalol","3930-20-9","76","0","0","0.2238","0.00079","5","6.52","P-PNEC","ToxTram (2017)","0.03433","0","0","0","0","0.0001212","Sotalol","0"
"176","","TENOXICAM","59804-37-4","76","0","0","0.00159","0.00004","5","0.6714","P-PNEC","ToxTram (2017)","0.002368","0","0","0","0","0.00005958","TENOXICAM","0"
"178","","Terbumeton-desethyl","30125-64-5","76","0","0","0","0.00039","5","0.037","P-PNEC","ECOSAR v1.11 (2012)","0","0","0","0","0","0.01054","","0"
"194","","Warfarin / Coumadin","81-81-2","76","0","0","0.00247","0.00012","5","12","P-PNEC exp.","Aquire 848","0.0002058","0","0","0","0","0.00001","Warfarin / Coumadin","0"
"195","","XYLAZINE","7361-61-7","76","0","0","0.00163","0.00011","5","0.6482","P-PNEC","ToxTram (2017)","0.002515","0","0","0","0","0.0001697","XYLAZINE","0"
"4","","1,2,3-Benzotriazole","95-14-7","76","0","1.29","3.18","0.00024","6","19","AA-EQS","OZ (2015) EQS Dossier","0.1676","0.068","0","0","0","0.00001263","1,2,3-Benzotriazole","0"
"17","","Acetaminophen (Paracetamol)","103-90-2","76","0","0.1326","0.2928","0.00013","6","134","PNEC aqua (freshwater)","ECHA DOSSIER (03/2018)","0.002185","0.0009896","0","0","0","0.0000009701","Acetaminophen (Paracetamol)","0"
"24","","AMLODIPINE","88150-42-9","76","0","0.00436","0.02352","0.00026","6","0.23","PNEC aqua (freshwater)","ECHA DOSSIER (03/2018)","0.1023","0.01896","0","0","0","0.00113","AMLODIPINE","0"
"26","","Atenolol","29122-68-7","76","0","0.08476","0.6053","0.00007","6","150","AA-EQS","OZ (2010) EQS Dossier","0.004035","0.0005651","0","0","0","0.0000004667","Atenolol","0"
"37","","Bezafibrate","41859-67-0","76","0","0.0216","0.05564","0.00006","6","2.3","AA-EQS","OZ (2016) EQS Dossier","0.02419","0.009389","0","0","0","0.00002609","Bezafibrate","0"
"39","","Buprofezin","69327-76-0","76","0","0.01327","0.01407","0.0015","6","0.56","Indicatief MTR (opgelost)","RIVM (2018)","0.02513","0.0237","0","0","0","0.002679","Buprofezin","0"
"51","","Ciprofloxacin","85721-33-1","76","0","0.01607","0.02","0.00019","6","0.089","EQS-proposal","WL substance dossier","0.2247","0.1805","0","0","0","0.002135","Ciprofloxacin","0"
"52","","Citalopram","59729-32-7","76","0","0.01361","0.03183","0.00006","6","10","PNEC chronic","Aquire 167215","0.003183","0.001361","0","0","0","0.000006","Citalopram","0"
"53","","Clarithromycin","81103-11-9","76","0","0.02546","0.06563","0.00017","6","0.12","EQS-proposal","WL substance dossier","0.5469","0.2122","0","0","0","0.001417","Clarithromycin","0"
"61","","Diazepam","439-14-5","76","0","0.006298","0.03551","0.0004","6","0.291","PNEC chronic","Aquire 167736","0.122","0.02164","0","0","0","0.001375","Diazepam","0"
"67","","Dimethoate","60-51-5","76","0","0.04882","0.06926","0.003","6","0.07","JD-UQN","UBA (2016) Oberflächengewässer VO","0.9894","0.6974","0","0","0","0.04286","Dimethoate","0"
"73","","Erythromycin","114-07-8","76","0","0.01173","0.01858","0.00044","6","0.2","EQS-proposal","WL substance dossier","0.0929","0.05867","0","0","0","0.0022","Erythromycin","0"
"94","","Gemfibrozil","25812-30-0","76","0","0.1928","0.3027","0.00014","6","0.5","PNEC chronic","Aquire 168263","0.6053","0.3857","0","0","0","0.00028","Gemfibrozil","0"
"97","","Hexythiazox","78587-05-0","76","0","0.01882","0.02434","0.001","6","0.025","Indicatief MTR (opgelost)","RIVM (2018)","0.9736","0.7529","0","0","0","0.04","Hexythiazox","0"
"102","","Imazalil / 1-[2-(allyloxy)-2-(2,4-dichlorophenyl)ethyl]-1H-imidazole","35554-44-0","76","0","0.2809","0.6827","0.0009","6","0.87","Indicatief MTR (opgelost)","RIVM (2018)","0.7847","0.3229","0","0","0","0.001034","Imazalil / 1-[2-(allyloxy)-2-(2,4-dichlorophenyl)ethyl]-1H-imidazole","0"
"104","","Indomethacin","53-86-1","76","0","0.04949","0.1374","0.00032","6","1","PNEC chronic","Aquire 164572","0.1374","0.04949","0","0","0","0.00032","Indomethacin","0"
"106","","Irbesartan","138402-11-6","76","0","0.06759","0.6959","0.00008","6","704","AA-EQS","OZ (2013) EQS Dossier","0.0009885","0.000096","0","0","0","0.0000001136","Irbesartan","0"
"112","","Losartan","114798-26-4","76","0","0.1235","0.2206","0.00034","6","78","PNEC chronic","UBA (2017) EQS dossier","0.002829","0.001583","0","0","0","0.000004359","Losartan","0"
"118","","Methyl-1H-benzotriazole / Tolyltriazole","29385-43-1","76","0","1.51","7.02","0.000044","6","8","PNEC aqua (freshwater)","ECHA DOSSIER (03/2018)","0.8772","0.1885","0","0","0","0.0000055","Methyl-1H-benzotriazole / Tolyltriazole","0"
"126","","Naproxen","22204-53-1","76","0","0.0869","0.2895","0.00063","6","1.7","AA-EQS","OZ (2015) EQS Dossier","0.1703","0.05112","0","0","0","0.0003706","Naproxen","0"
"129","","Octylphenol diethoxylate","9002-93-1","75","0","0.01644","0.03284","0","6","3.5","PNEC acute","Aquire 854","0.009383","0.004697","0","0","0","0","Octylphenol diethoxylate","0"
"138","","Paroxetine","61869-08-7","76","0","0.001626","0.00341","0.00053","6","20","PNEC chronic","Aquire 80408","0.0001705","0.0000813","0","0","0","0.0000265","Paroxetine","0"
"139","","Perfluorobutanesulfonate (PFBS)","375-73-5","76","0","0.02494","0.2283","0.00006","6","372","AA-EQS","Italian EQS Working Group (2015) ","0.0006136","0.00006704","0","0","0","0.0000001613","Perfluorobutanesulfonate (PFBS)","0"
"158","","Phenazone","60-80-0","76","0","0.01336","0.04072","0.00014","6","1.1","PNEC acute","UBA (2014) EQS dossier","0.03702","0.01215","0","0","0","0.0001273","Phenazone","0"
"161","","Prochloraz","67747-09-5","76","0","0.0812","0.08362","0.006","6","0.2","PNEC chronic","Footprint (2018)","0.4181","0.406","0","0","0","0.03","Prochloraz","0"
"164","","Propranolol","525-66-6","76","0","0.003632","0.01205","0.00013","6","0.411","PNEC chronic","Aquire 160503","0.02932","0.008837","0","0","0","0.0003163","Propranolol","0"
"166","","Propyphenazone","479-92-5","76","0","0.02429","0.1027","0.00012","6","0.8","PNEC acute","Aquire 40278","0.1283","0.03036","0","0","0","0.00015","Propyphenazone","0"
"173","","Sulfamethoxazole","723-46-6","76","0","0.01904","0.04151","0.00031","6","0.6","AA-EQS","OZ (2010) EQS Dossier","0.06918","0.03173","0","0","0","0.0005167","Sulfamethoxazole","0"
"183","","Thiabendazole","148-79-8","76","0","0.07572","0.1292","0.00039","6","3.3","MTR (opgelost)","RIVM (2018)","0.03915","0.02295","0","0","0","0.0001182","Thiabendazole","0"
"189","","Trimethoprim","738-70-5","76","0","0.01049","0.1504","0.00034","6","120","AA-EQS","OZ (2015) EQS Dossier","0.001254","0.00008738","0","0","0","0.000002833","Trimethoprim","0"
"190","","Tris(2-butoxyethyl) phosphate","78-51-3","76","0","0.2593","0.6589","0.0000079","6","24","PNEC aqua (freshwater)","ECHA DOSSIER (03/2018)","0.02745","0.01081","0","0","0","0.0000003292","Tris(2-butoxyethyl) phosphate","0"
"192","","Valsartan","137862-53-4","76","0","0.2168","0.6989","0.00017","6","560","AA-EQS","OZ (2016) EQS Dossier","0.001248","0.0003871","0","0","0","0.0000003036","Valsartan","0"
"40","x","Caffeine","58-08-2","76","4","0.9899","3.24","0.000071","1","1.2","JD-UQN proposal","UBA (2017) Draft EQS dossier","2.7","0.8249","0","0.05263","0.05263","0.00005917","Caffeine","4"
"49","x","Chlorpyrifos","2921-88-2","76","4","0.02504","0.04122","0.0006","1","0.03","EQS chronic water (=AA-EQS)","DIRECTIVE 2013/39/EU OF THE EUROPEAN PARLIAMENT AND OF THE COUNCIL ","1.37","0.8347","0","0.05263","0.05263","0.02","Chlorpyrifos","4"
"193","x","Venlafaxine","93413-69-5","76","3","0.02971","0.1276","0.00006","1","0.038","EQS-proposal","WL substance dossier","3.36","0.7818","0","0.03947","0.03947","0.001579","Venlafaxine","3"
"33","x","Azithromycin","83905-01-5","76","2","0.007942","0.1537","0.00018","1","0.019","EQS-proposal","WL substance dossier","8.09","0.418","0","0.02632","0.02632","0.009474","Azithromycin","2"
"44","x","Carbamazepine","298-46-4","76","2","0.02958","0.06544","0.00004","1","0.05","PNEC chronic","Aquire 152195","1.31","0.5916","0","0.02632","0.02632","0.0008","Carbamazepine","2"
"48","x","Chlorfenvinphos","470-90-6","76","2","0.09568","0.1069","0.0006","1","0.1","EQS chronic water (=AA-EQS)","DIRECTIVE 2013/39/EU OF THE EUROPEAN PARLIAMENT AND OF THE COUNCIL ","1.07","0.9568","0","0.02632","0.02632","0.006","Chlorfenvinphos","2"
"14","x","4-nonylphenol","84852-15-3","65","1","0.2575","0.3908","0","1","0.3","EQS chronic water (=AA-EQS)","DIRECTIVE 2011/876/EC OF THE EUROPEAN PARLIAMENT AND OF THE COUNCIL","1.3","0.8585","0","0.01538","0.01538","0","4-nonylphenol","1"
"103","x","Imidaclopride","138261-41-3","76","1","0.005571","0.05184","0.0002","1","0.0083","EQS-proposal","WL substance dossier","6.25","0.6711","0","0.01316","0.01316","0.0241","Imidaclopride","1"
"150","x","Perfluorooctanoic acid","335-67-1","76","1","0.1165","0.1886","0.00012","1","0.178","PNEC chronic","Aquire 175220 ","1.06","0.6543","0","0.01316","0.01316","0.0006742","Perfluorooctanoic acid","1"
"191","x","Tris(2-chloroethyl) phosphate","115-96-8","76","1","0.7783","6.38","0.00011","1","4","PNEC chronic","ETOX UBA (2018)","1.59","0.1946","0","0.01316","0.01316","0.0000275","Tris(2-chloroethyl) phosphate","1"
